[debug] [2025-12-05T04:31:38.486Z] [Firebase Plugin] Activating Firebase extension.
[debug] [2025-12-05T04:32:17.595Z] [Firebase Plugin] requireAuthWrapper
[debug] [2025-12-05T04:32:17.601Z] > command requires scopes: ["email","openid","https://www.googleapis.com/auth/cloudplatformprojects.readonly","https://www.googleapis.com/auth/firebase","https://www.googleapis.com/auth/cloud-platform","https://www.googleapis.com/auth/userinfo.email"]
[debug] [2025-12-05T04:32:17.605Z] > authorizing via signed-in user (lumacx@gmail.com)
[debug] [2025-12-05T04:32:17.652Z] Checked if tokens are valid: false, expires at: 1764887736205
[debug] [2025-12-05T04:32:17.657Z] Checked if tokens are valid: false, expires at: 1764887736205
[debug] [2025-12-05T04:32:17.660Z] > refreshing access token with scopes: []
[debug] [2025-12-05T04:32:17.671Z] >>> [apiv2][query] POST https://www.googleapis.com/oauth2/v3/token [none]
[debug] [2025-12-05T04:32:17.671Z] >>> [apiv2][body] POST https://www.googleapis.com/oauth2/v3/token [omitted]
[debug] [2025-12-05T04:32:18.323Z] [Firebase Plugin] VSCode notification server listening on port 40001
[debug] [2025-12-05T04:32:18.684Z] <<< [apiv2][status] POST https://www.googleapis.com/oauth2/v3/token 200
[debug] [2025-12-05T04:32:18.690Z] <<< [apiv2][body] POST https://www.googleapis.com/oauth2/v3/token [omitted]
[debug] [2025-12-05T04:32:18.820Z] [Firebase Plugin] User found:  lumacx@gmail.com
[info] [Firebase Plugin] (Core:Project) New user detected, fetching projects
[debug] [2025-12-05T04:32:18.842Z] Checked if tokens are valid: true, expires at: 1764912737691
[debug] [2025-12-05T04:32:18.851Z] >>> [apiv2][query] GET https://firebase.googleapis.com/v1beta1/projects pageSize=1000
[info] [Firebase Plugin] Starting Data Connect toolkit (version 2.17.0) on port 50001
[debug] [2025-12-05T04:32:26.709Z] I1205 04:32:26.283797     509 control.go:94] [/emulator/studio-v0 870d] UpdateResources(): done
Main schema: sources: schema/schema.gql [3721B] 
Connector "default": sources: connector/mutations.gql [3182B] connector/queries.gql [2742B] 
 {"metadata":{"emulator":{"name":"dataconnect"},"message":"I1205 04:32:26.283797     509 control.go:94] [/emulator/studio-v0 870d] UpdateResources(): done\nMain schema: sources: schema/schema.gql [3721B] \nConnector \"default\": sources: connector/mutations.gql [3182B] connector/queries.gql [2742B] \n"}}
[debug] [2025-12-05T04:32:26.717Z] Ignoring unsupported arg: auto_download {"metadata":{"emulator":{"name":"dataconnect"},"message":"Ignoring unsupported arg: auto_download"}}
[debug] [2025-12-05T04:32:26.719Z] Ignoring unsupported arg: port {"metadata":{"emulator":{"name":"dataconnect"},"message":"Ignoring unsupported arg: port"}}
[debug] [2025-12-05T04:32:26.722Z] Starting Data Connect Emulator with command {"binary":"/home/user/.cache/firebase/emulators/dataconnect-emulator-2.17.0","args":["--logtostderr","-v=2","dev","--listen=localhost:50001","--config_dir=/home/user/studio/dataconnect","--enable_output_schema_extensions=true","--enable_output_generated_sdk=true"],"optionalArgs":["listen","config_dir","enable_output_schema_extensions","enable_output_generated_sdk"],"joinArgs":true,"shell":false,"port":9399} {"metadata":{"emulator":{"name":"dataconnect"},"message":"Starting Data Connect Emulator with command {\"binary\":\"/home/user/.cache/firebase/emulators/dataconnect-emulator-2.17.0\",\"args\":[\"--logtostderr\",\"-v=2\",\"dev\",\"--listen=localhost:50001\",\"--config_dir=/home/user/studio/dataconnect\",\"--enable_output_schema_extensions=true\",\"--enable_output_generated_sdk=true\"],\"optionalArgs\":[\"listen\",\"config_dir\",\"enable_output_schema_extensions\",\"enable_output_generated_sdk\"],\"joinArgs\":true,\"shell\":false,\"port\":9399}"}}
[info] i  dataconnect: Data Connect Emulator logging to dataconnect-debug.log {"metadata":{"emulator":{"name":"dataconnect"},"message":"Data Connect Emulator logging to dataconnect-debug.log"}}
[debug] [2025-12-05T04:32:28.080Z] I1205 04:32:26.931286     514 load.go:31] Reloading schema and connectors...
 {"metadata":{"emulator":{"name":"dataconnect"},"message":"I1205 04:32:26.931286     514 load.go:31] Reloading schema and connectors...\n"}}
[debug] [2025-12-05T04:32:28.585Z] I1205 04:32:28.254903     514 control.go:94] [/emulator/studio-v0 de5c] UpdateResources(): done
Main schema: sources: schema/schema.gql [3721B] 
Connector "default": sources: connector/mutations.gql [3182B] connector/queries.gql [2742B] 
 {"metadata":{"emulator":{"name":"dataconnect"},"message":"I1205 04:32:28.254903     514 control.go:94] [/emulator/studio-v0 de5c] UpdateResources(): done\nMain schema: sources: schema/schema.gql [3721B] \nConnector \"default\": sources: connector/mutations.gql [3182B] connector/queries.gql [2742B] \n"}}
[debug] [2025-12-05T04:32:28.898Z] <<< [apiv2][status] GET https://firebase.googleapis.com/v1beta1/projects 200
[debug] [2025-12-05T04:32:28.901Z] <<< [apiv2][body] GET https://firebase.googleapis.com/v1beta1/projects [omitted]
[debug] [2025-12-05T04:32:29.579Z] I1205 04:32:29.572900     514 codegen.go:80] [connector "default" javascriptSdk] Generating sources into "/home/user/studio/dataconnect-generated/js/default-connector"
 {"metadata":{"emulator":{"name":"dataconnect"},"message":"I1205 04:32:29.572900     514 codegen.go:80] [connector \"default\" javascriptSdk] Generating sources into \"/home/user/studio/dataconnect-generated/js/default-connector\"\n"}}
[debug] [2025-12-05T04:32:30.047Z] I1205 04:32:30.002346     514 collector.go:107] schema extensions wrote into "/home/user/studio/dataconnect/.dataconnect/schema"
Generated sources: prelude.gql [73219B] main/query.gql [15655B] main/mutation.gql [41655B] main/implicit.gql [3267B] main/input.gql [122168B] main/relation.gql [51784B] 
 {"metadata":{"emulator":{"name":"dataconnect"},"message":"I1205 04:32:30.002346     514 collector.go:107] schema extensions wrote into \"/home/user/studio/dataconnect/.dataconnect/schema\"\nGenerated sources: prelude.gql [73219B] main/query.gql [15655B] main/mutation.gql [41655B] main/implicit.gql [3267B] main/input.gql [122168B] main/relation.gql [51784B] \n"}}
[debug] [2025-12-05T04:32:30.073Z] I1205 04:32:30.055076     514 collector.go:107] connector "default" javascriptSdk wrote into "/home/user/studio/dataconnect-generated/js/default-connector"
Generated sources: react/package.json [468B] react/index.cjs.js [9597B] index.cjs.js [12004B] package.json [871B] react/esm/index.esm.js [9027B] react/esm/package.json [17B] README.md [116341B] .guides/usage.md [4176B] .guides/config.json [236B] react/README.md [119856B] .guides/setup.md [1690B] index.d.ts [24807B] esm/index.esm.js [10374B] esm/package.json [17B] react/index.d.ts [12119B] 
 {"metadata":{"emulator":{"name":"dataconnect"},"message":"I1205 04:32:30.055076     514 collector.go:107] connector \"default\" javascriptSdk wrote into \"/home/user/studio/dataconnect-generated/js/default-connector\"\nGenerated sources: react/package.json [468B] react/index.cjs.js [9597B] index.cjs.js [12004B] package.json [871B] react/esm/index.esm.js [9027B] react/esm/package.json [17B] README.md [116341B] .guides/usage.md [4176B] .guides/config.json [236B] react/README.md [119856B] .guides/setup.md [1690B] index.d.ts [24807B] esm/index.esm.js [10374B] esm/package.json [17B] react/index.d.ts [12119B] \n"}}
[debug] [2025-12-05T04:32:30.155Z] I1205 04:32:30.152813     514 installsdk.go:55] Package @firebasegen/default-connector is already installed. Skipping installation
I1205 04:32:30.152872     514 load.go:109] Finished reloading
 {"metadata":{"emulator":{"name":"dataconnect"},"message":"I1205 04:32:30.152813     514 installsdk.go:55] Package @firebasegen/default-connector is already installed. Skipping installation\nI1205 04:32:30.152872     514 load.go:109] Finished reloading\n"}}
[debug] [2025-12-05T04:32:30.193Z] I1205 04:32:30.181576     514 dev.go:105] Listening on address (HTTP + gRPC): 127.0.0.1:50001
 {"metadata":{"emulator":{"name":"dataconnect"},"message":"I1205 04:32:30.181576     514 dev.go:105] Listening on address (HTTP + gRPC): 127.0.0.1:50001\n"}}
[debug] [2025-12-05T04:32:33.131Z] I1205 04:32:30.654565     514 engine.go:171] [/emulator/studio-v0 de5c] ExecuteGraphqlRead IntrospectionQuery: succeeded. 
 {"metadata":{"emulator":{"name":"dataconnect"},"message":"I1205 04:32:30.654565     514 engine.go:171] [/emulator/studio-v0 de5c] ExecuteGraphqlRead IntrospectionQuery: succeeded. \n"}}
[debug] [2025-12-11T07:13:40.035Z] [Firebase Plugin] Activating Firebase extension.
[debug] [2025-12-11T07:14:00.940Z] [Firebase Plugin] requireAuthWrapper
[debug] [2025-12-11T07:14:00.943Z] > command requires scopes: ["email","openid","https://www.googleapis.com/auth/cloudplatformprojects.readonly","https://www.googleapis.com/auth/firebase","https://www.googleapis.com/auth/cloud-platform","https://www.googleapis.com/auth/userinfo.email"]
[debug] [2025-12-11T07:14:00.944Z] > authorizing via signed-in user (lumacx@gmail.com)
[debug] [2025-12-11T07:14:00.951Z] Checked if tokens are valid: false, expires at: 1764912737691
[debug] [2025-12-11T07:14:00.951Z] Checked if tokens are valid: false, expires at: 1764912737691
[debug] [2025-12-11T07:14:00.952Z] > refreshing access token with scopes: []
[debug] [2025-12-11T07:14:00.957Z] >>> [apiv2][query] POST https://www.googleapis.com/oauth2/v3/token [none]
[debug] [2025-12-11T07:14:00.958Z] >>> [apiv2][body] POST https://www.googleapis.com/oauth2/v3/token [omitted]
[debug] [2025-12-11T07:14:01.028Z] [Firebase Plugin] VSCode notification server listening on port 40001
[debug] [2025-12-11T07:14:01.229Z] <<< [apiv2][status] POST https://www.googleapis.com/oauth2/v3/token 200
[debug] [2025-12-11T07:14:01.233Z] <<< [apiv2][body] POST https://www.googleapis.com/oauth2/v3/token [omitted]
[debug] [2025-12-11T07:14:01.296Z] [Firebase Plugin] User found:  lumacx@gmail.com
[info] [Firebase Plugin] (Core:Project) New user detected, fetching projects
[debug] [2025-12-11T07:14:01.304Z] Checked if tokens are valid: true, expires at: 1765440840233
[debug] [2025-12-11T07:14:01.311Z] >>> [apiv2][query] GET https://firebase.googleapis.com/v1beta1/projects pageSize=1000
[debug] [2025-12-11T07:14:02.009Z] <<< [apiv2][status] GET https://firebase.googleapis.com/v1beta1/projects 200
[debug] [2025-12-11T07:14:02.010Z] <<< [apiv2][body] GET https://firebase.googleapis.com/v1beta1/projects [omitted]
[info] [Firebase Plugin] Starting Data Connect toolkit (version 2.17.0) on port 50001
[debug] [2025-12-11T07:14:11.034Z] I1211 07:14:10.895070     603 control.go:94] [/emulator/studio-v0 f029] UpdateResources(): done
Main schema: sources: schema/schema.gql [3721B] 
Connector "default": sources: connector/queries.gql [2742B] connector/mutations.gql [3182B] 
 {"metadata":{"emulator":{"name":"dataconnect"},"message":"I1211 07:14:10.895070     603 control.go:94] [/emulator/studio-v0 f029] UpdateResources(): done\nMain schema: sources: schema/schema.gql [3721B] \nConnector \"default\": sources: connector/queries.gql [2742B] connector/mutations.gql [3182B] \n"}}
[debug] [2025-12-11T07:14:11.036Z] Ignoring unsupported arg: auto_download {"metadata":{"emulator":{"name":"dataconnect"},"message":"Ignoring unsupported arg: auto_download"}}
[debug] [2025-12-11T07:14:11.036Z] Ignoring unsupported arg: port {"metadata":{"emulator":{"name":"dataconnect"},"message":"Ignoring unsupported arg: port"}}
[debug] [2025-12-11T07:14:11.037Z] Starting Data Connect Emulator with command {"binary":"/home/user/.cache/firebase/emulators/dataconnect-emulator-2.17.0","args":["--logtostderr","-v=2","dev","--listen=localhost:50001","--config_dir=/home/user/studio/dataconnect","--enable_output_schema_extensions=true","--enable_output_generated_sdk=true"],"optionalArgs":["listen","config_dir","enable_output_schema_extensions","enable_output_generated_sdk"],"joinArgs":true,"shell":false,"port":9399} {"metadata":{"emulator":{"name":"dataconnect"},"message":"Starting Data Connect Emulator with command {\"binary\":\"/home/user/.cache/firebase/emulators/dataconnect-emulator-2.17.0\",\"args\":[\"--logtostderr\",\"-v=2\",\"dev\",\"--listen=localhost:50001\",\"--config_dir=/home/user/studio/dataconnect\",\"--enable_output_schema_extensions=true\",\"--enable_output_generated_sdk=true\"],\"optionalArgs\":[\"listen\",\"config_dir\",\"enable_output_schema_extensions\",\"enable_output_generated_sdk\"],\"joinArgs\":true,\"shell\":false,\"port\":9399}"}}
[info] i  dataconnect: Data Connect Emulator logging to dataconnect-debug.log {"metadata":{"emulator":{"name":"dataconnect"},"message":"Data Connect Emulator logging to dataconnect-debug.log"}}
[debug] [2025-12-11T07:14:11.165Z] I1211 07:14:11.111990     608 load.go:31] Reloading schema and connectors...
 {"metadata":{"emulator":{"name":"dataconnect"},"message":"I1211 07:14:11.111990     608 load.go:31] Reloading schema and connectors...\n"}}
[debug] [2025-12-11T07:14:11.728Z] I1211 07:14:11.487685     608 control.go:94] [/emulator/studio-v0 524b] UpdateResources(): done
Main schema: sources: schema/schema.gql [3721B] 
Connector "default": sources: connector/mutations.gql [3182B] connector/queries.gql [2742B] 
 {"metadata":{"emulator":{"name":"dataconnect"},"message":"I1211 07:14:11.487685     608 control.go:94] [/emulator/studio-v0 524b] UpdateResources(): done\nMain schema: sources: schema/schema.gql [3721B] \nConnector \"default\": sources: connector/mutations.gql [3182B] connector/queries.gql [2742B] \n"}}
[debug] [2025-12-11T07:14:11.795Z] I1211 07:14:11.792416     608 codegen.go:80] [connector "default" javascriptSdk] Generating sources into "/home/user/studio/dataconnect-generated/js/default-connector"
 {"metadata":{"emulator":{"name":"dataconnect"},"message":"I1211 07:14:11.792416     608 codegen.go:80] [connector \"default\" javascriptSdk] Generating sources into \"/home/user/studio/dataconnect-generated/js/default-connector\"\n"}}
[debug] [2025-12-11T07:14:12.038Z] I1211 07:14:12.036310     608 collector.go:107] schema extensions wrote into "/home/user/studio/dataconnect/.dataconnect/schema"
Generated sources: main/input.gql [122168B] main/relation.gql [51784B] main/query.gql [15655B] main/mutation.gql [41655B] prelude.gql [73219B] main/implicit.gql [3267B] 
 {"metadata":{"emulator":{"name":"dataconnect"},"message":"I1211 07:14:12.036310     608 collector.go:107] schema extensions wrote into \"/home/user/studio/dataconnect/.dataconnect/schema\"\nGenerated sources: main/input.gql [122168B] main/relation.gql [51784B] main/query.gql [15655B] main/mutation.gql [41655B] prelude.gql [73219B] main/implicit.gql [3267B] \n"}}
[debug] [2025-12-11T07:14:12.046Z] I1211 07:14:12.045723     608 collector.go:107] connector "default" javascriptSdk wrote into "/home/user/studio/dataconnect-generated/js/default-connector"
Generated sources: esm/index.esm.js [10374B] esm/package.json [17B] index.d.ts [24807B] react/esm/package.json [17B] index.cjs.js [12004B] README.md [116341B] react/index.d.ts [12119B] react/index.cjs.js [9597B] .guides/config.json [236B] package.json [871B] react/package.json [468B] react/esm/index.esm.js [9027B] react/README.md [119856B] .guides/usage.md [4620B] .guides/setup.md [1690B] 
 {"metadata":{"emulator":{"name":"dataconnect"},"message":"I1211 07:14:12.045723     608 collector.go:107] connector \"default\" javascriptSdk wrote into \"/home/user/studio/dataconnect-generated/js/default-connector\"\nGenerated sources: esm/index.esm.js [10374B] esm/package.json [17B] index.d.ts [24807B] react/esm/package.json [17B] index.cjs.js [12004B] README.md [116341B] react/index.d.ts [12119B] react/index.cjs.js [9597B] .guides/config.json [236B] package.json [871B] react/package.json [468B] react/esm/index.esm.js [9027B] react/README.md [119856B] .guides/usage.md [4620B] .guides/setup.md [1690B] \n"}}
[debug] [2025-12-11T07:14:12.285Z] I1211 07:14:12.285089     608 installsdk.go:55] Package @firebasegen/default-connector is already installed. Skipping installation
I1211 07:14:12.285179     608 load.go:109] Finished reloading
 {"metadata":{"emulator":{"name":"dataconnect"},"message":"I1211 07:14:12.285089     608 installsdk.go:55] Package @firebasegen/default-connector is already installed. Skipping installation\nI1211 07:14:12.285179     608 load.go:109] Finished reloading\n"}}
[debug] [2025-12-11T07:14:12.359Z] I1211 07:14:12.358827     608 dev.go:105] Listening on address (HTTP + gRPC): 127.0.0.1:50001
 {"metadata":{"emulator":{"name":"dataconnect"},"message":"I1211 07:14:12.358827     608 dev.go:105] Listening on address (HTTP + gRPC): 127.0.0.1:50001\n"}}
[debug] [2025-12-11T07:14:12.799Z] I1211 07:14:12.799117     608 engine.go:171] [/emulator/studio-v0 524b] ExecuteGraphqlRead IntrospectionQuery: succeeded. 
 {"metadata":{"emulator":{"name":"dataconnect"},"message":"I1211 07:14:12.799117     608 engine.go:171] [/emulator/studio-v0 524b] ExecuteGraphqlRead IntrospectionQuery: succeeded. \n"}}
[debug] [2025-12-11T07:39:47.239Z] [Firebase Plugin] Activating Firebase extension.
[debug] [2025-12-11T07:40:17.587Z] [Firebase Plugin] requireAuthWrapper
[debug] [2025-12-11T07:40:17.590Z] > command requires scopes: ["email","openid","https://www.googleapis.com/auth/cloudplatformprojects.readonly","https://www.googleapis.com/auth/firebase","https://www.googleapis.com/auth/cloud-platform","https://www.googleapis.com/auth/userinfo.email"]
[debug] [2025-12-11T07:40:17.591Z] > authorizing via signed-in user (lumacx@gmail.com)
[debug] [2025-12-11T07:40:17.604Z] Checked if tokens are valid: true, expires at: 1765440840233
[debug] [2025-12-11T07:40:17.606Z] Checked if tokens are valid: true, expires at: 1765440840233
[debug] [2025-12-11T07:40:17.606Z] [Firebase Plugin] User found:  lumacx@gmail.com
[info] [Firebase Plugin] (Core:Project) New user detected, fetching projects
[debug] [2025-12-11T07:40:17.611Z] Checked if tokens are valid: true, expires at: 1765440840233
[debug] [2025-12-11T07:40:17.616Z] >>> [apiv2][query] GET https://firebase.googleapis.com/v1beta1/projects pageSize=1000
[debug] [2025-12-11T07:40:17.733Z] [Firebase Plugin] VSCode notification server listening on port 40001
[debug] [2025-12-11T07:40:19.659Z] <<< [apiv2][status] GET https://firebase.googleapis.com/v1beta1/projects 200
[debug] [2025-12-11T07:40:19.661Z] <<< [apiv2][body] GET https://firebase.googleapis.com/v1beta1/projects [omitted]
[info] [Firebase Plugin] Starting Data Connect toolkit (version 2.17.0) on port 50001
[debug] [2025-12-11T07:40:31.043Z] I1211 07:40:30.830122     488 control.go:94] [/emulator/studio-v0 e066] UpdateResources(): done
Main schema: sources: schema/schema.gql [3721B] 
Connector "default": sources: connector/mutations.gql [3182B] connector/queries.gql [2742B] 
 {"metadata":{"emulator":{"name":"dataconnect"},"message":"I1211 07:40:30.830122     488 control.go:94] [/emulator/studio-v0 e066] UpdateResources(): done\nMain schema: sources: schema/schema.gql [3721B] \nConnector \"default\": sources: connector/mutations.gql [3182B] connector/queries.gql [2742B] \n"}}
[debug] [2025-12-11T07:40:31.046Z] Ignoring unsupported arg: auto_download {"metadata":{"emulator":{"name":"dataconnect"},"message":"Ignoring unsupported arg: auto_download"}}
[debug] [2025-12-11T07:40:31.160Z] Ignoring unsupported arg: port {"metadata":{"emulator":{"name":"dataconnect"},"message":"Ignoring unsupported arg: port"}}
[debug] [2025-12-11T07:40:31.177Z] Starting Data Connect Emulator with command {"binary":"/home/user/.cache/firebase/emulators/dataconnect-emulator-2.17.0","args":["--logtostderr","-v=2","dev","--listen=localhost:50001","--config_dir=/home/user/studio/dataconnect","--enable_output_schema_extensions=true","--enable_output_generated_sdk=true"],"optionalArgs":["listen","config_dir","enable_output_schema_extensions","enable_output_generated_sdk"],"joinArgs":true,"shell":false,"port":9399} {"metadata":{"emulator":{"name":"dataconnect"},"message":"Starting Data Connect Emulator with command {\"binary\":\"/home/user/.cache/firebase/emulators/dataconnect-emulator-2.17.0\",\"args\":[\"--logtostderr\",\"-v=2\",\"dev\",\"--listen=localhost:50001\",\"--config_dir=/home/user/studio/dataconnect\",\"--enable_output_schema_extensions=true\",\"--enable_output_generated_sdk=true\"],\"optionalArgs\":[\"listen\",\"config_dir\",\"enable_output_schema_extensions\",\"enable_output_generated_sdk\"],\"joinArgs\":true,\"shell\":false,\"port\":9399}"}}
[info] i  dataconnect: Data Connect Emulator logging to dataconnect-debug.log {"metadata":{"emulator":{"name":"dataconnect"},"message":"Data Connect Emulator logging to dataconnect-debug.log"}}
[debug] [2025-12-11T07:40:31.590Z] I1211 07:40:31.392916     493 load.go:31] Reloading schema and connectors...
 {"metadata":{"emulator":{"name":"dataconnect"},"message":"I1211 07:40:31.392916     493 load.go:31] Reloading schema and connectors...\n"}}
[debug] [2025-12-11T07:40:32.263Z] I1211 07:40:32.261799     493 control.go:94] [/emulator/studio-v0 a03f] UpdateResources(): done
Main schema: sources: schema/schema.gql [3721B] 
Connector "default": sources: connector/queries.gql [2742B] connector/mutations.gql [3182B] 
 {"metadata":{"emulator":{"name":"dataconnect"},"message":"I1211 07:40:32.261799     493 control.go:94] [/emulator/studio-v0 a03f] UpdateResources(): done\nMain schema: sources: schema/schema.gql [3721B] \nConnector \"default\": sources: connector/queries.gql [2742B] connector/mutations.gql [3182B] \n"}}
[debug] [2025-12-11T07:40:32.666Z] I1211 07:40:32.665938     493 codegen.go:80] [connector "default" javascriptSdk] Generating sources into "/home/user/studio/dataconnect-generated/js/default-connector"
 {"metadata":{"emulator":{"name":"dataconnect"},"message":"I1211 07:40:32.665938     493 codegen.go:80] [connector \"default\" javascriptSdk] Generating sources into \"/home/user/studio/dataconnect-generated/js/default-connector\"\n"}}
[debug] [2025-12-11T07:40:32.964Z] I1211 07:40:32.948972     493 collector.go:107] schema extensions wrote into "/home/user/studio/dataconnect/.dataconnect/schema"
Generated sources: main/implicit.gql [3267B] main/input.gql [122168B] main/relation.gql [51784B] main/query.gql [15655B] main/mutation.gql [41655B] prelude.gql [73219B] 
I1211 07:40:32.958228     493 collector.go:107] connector "default" javascriptSdk wrote into "/home/user/studio/dataconnect-generated/js/default-connector"
Generated sources: react/README.md [119856B] esm/package.json [17B] package.json [871B] .guides/usage.md [4620B] index.cjs.js [12004B] README.md [116341B] react/package.json [468B] react/esm/index.esm.js [9027B] esm/index.esm.js [10374B] react/index.d.ts [12119B] react/esm/package.json [17B] react/index.cjs.js [9597B] .guides/setup.md [1690B] .guides/config.json [236B] index.d.ts [24807B] 
 {"metadata":{"emulator":{"name":"dataconnect"},"message":"I1211 07:40:32.948972     493 collector.go:107] schema extensions wrote into \"/home/user/studio/dataconnect/.dataconnect/schema\"\nGenerated sources: main/implicit.gql [3267B] main/input.gql [122168B] main/relation.gql [51784B] main/query.gql [15655B] main/mutation.gql [41655B] prelude.gql [73219B] \nI1211 07:40:32.958228     493 collector.go:107] connector \"default\" javascriptSdk wrote into \"/home/user/studio/dataconnect-generated/js/default-connector\"\nGenerated sources: react/README.md [119856B] esm/package.json [17B] package.json [871B] .guides/usage.md [4620B] index.cjs.js [12004B] README.md [116341B] react/package.json [468B] react/esm/index.esm.js [9027B] esm/index.esm.js [10374B] react/index.d.ts [12119B] react/esm/package.json [17B] react/index.cjs.js [9597B] .guides/setup.md [1690B] .guides/config.json [236B] index.d.ts [24807B] \n"}}
[debug] [2025-12-11T07:40:33.004Z] I1211 07:40:33.002317     493 installsdk.go:55] Package @firebasegen/default-connector is already installed. Skipping installation
I1211 07:40:33.002389     493 load.go:109] Finished reloading
 {"metadata":{"emulator":{"name":"dataconnect"},"message":"I1211 07:40:33.002317     493 installsdk.go:55] Package @firebasegen/default-connector is already installed. Skipping installation\nI1211 07:40:33.002389     493 load.go:109] Finished reloading\n"}}
[debug] [2025-12-11T07:40:33.088Z] I1211 07:40:33.087868     493 dev.go:105] Listening on address (HTTP + gRPC): 127.0.0.1:50001
 {"metadata":{"emulator":{"name":"dataconnect"},"message":"I1211 07:40:33.087868     493 dev.go:105] Listening on address (HTTP + gRPC): 127.0.0.1:50001\n"}}
[debug] [2025-12-11T07:40:33.486Z] I1211 07:40:33.482374     493 engine.go:171] [/emulator/studio-v0 a03f] ExecuteGraphqlRead IntrospectionQuery: succeeded. 
 {"metadata":{"emulator":{"name":"dataconnect"},"message":"I1211 07:40:33.482374     493 engine.go:171] [/emulator/studio-v0 a03f] ExecuteGraphqlRead IntrospectionQuery: succeeded. \n"}}
[debug] [2025-12-11T08:14:42.430Z] [Firebase Plugin] Activating Firebase extension.
[debug] [2025-12-11T08:15:01.729Z] [Firebase Plugin] requireAuthWrapper
[debug] [2025-12-11T08:15:01.732Z] > command requires scopes: ["email","openid","https://www.googleapis.com/auth/cloudplatformprojects.readonly","https://www.googleapis.com/auth/firebase","https://www.googleapis.com/auth/cloud-platform","https://www.googleapis.com/auth/userinfo.email"]
[debug] [2025-12-11T08:15:01.733Z] > authorizing via signed-in user (lumacx@gmail.com)
[debug] [2025-12-11T08:15:01.739Z] Checked if tokens are valid: false, expires at: 1765440840233
[debug] [2025-12-11T08:15:01.740Z] Checked if tokens are valid: false, expires at: 1765440840233
[debug] [2025-12-11T08:15:01.741Z] > refreshing access token with scopes: []
[debug] [2025-12-11T08:15:01.744Z] >>> [apiv2][query] POST https://www.googleapis.com/oauth2/v3/token [none]
[debug] [2025-12-11T08:15:01.744Z] >>> [apiv2][body] POST https://www.googleapis.com/oauth2/v3/token [omitted]
[debug] [2025-12-11T08:15:01.805Z] [Firebase Plugin] VSCode notification server listening on port 40001
[debug] [2025-12-11T08:15:01.936Z] <<< [apiv2][status] POST https://www.googleapis.com/oauth2/v3/token 200
[debug] [2025-12-11T08:15:01.938Z] <<< [apiv2][body] POST https://www.googleapis.com/oauth2/v3/token [omitted]
[debug] [2025-12-11T08:15:01.970Z] [Firebase Plugin] User found:  lumacx@gmail.com
[info] [Firebase Plugin] (Core:Project) New user detected, fetching projects
[debug] [2025-12-11T08:15:01.977Z] Checked if tokens are valid: true, expires at: 1765444500939
[debug] [2025-12-11T08:15:01.979Z] >>> [apiv2][query] GET https://firebase.googleapis.com/v1beta1/projects pageSize=1000
[info] [Firebase Plugin] Starting Data Connect toolkit (version 2.17.0) on port 50001
[debug] [2025-12-11T08:15:08.413Z] I1211 08:15:08.306205     564 control.go:94] [/emulator/studio-v0 87a5] UpdateResources(): done
Main schema: sources: schema/schema.gql [3721B] 
Connector "default": sources: connector/queries.gql [2742B] connector/mutations.gql [3182B] 
 {"metadata":{"emulator":{"name":"dataconnect"},"message":"I1211 08:15:08.306205     564 control.go:94] [/emulator/studio-v0 87a5] UpdateResources(): done\nMain schema: sources: schema/schema.gql [3721B] \nConnector \"default\": sources: connector/queries.gql [2742B] connector/mutations.gql [3182B] \n"}}
[debug] [2025-12-11T08:15:08.416Z] Ignoring unsupported arg: auto_download {"metadata":{"emulator":{"name":"dataconnect"},"message":"Ignoring unsupported arg: auto_download"}}
[debug] [2025-12-11T08:15:08.417Z] Ignoring unsupported arg: port {"metadata":{"emulator":{"name":"dataconnect"},"message":"Ignoring unsupported arg: port"}}
[debug] [2025-12-11T08:15:08.418Z] Starting Data Connect Emulator with command {"binary":"/home/user/.cache/firebase/emulators/dataconnect-emulator-2.17.0","args":["--logtostderr","-v=2","dev","--listen=localhost:50001","--config_dir=/home/user/studio/dataconnect","--enable_output_schema_extensions=true","--enable_output_generated_sdk=true"],"optionalArgs":["listen","config_dir","enable_output_schema_extensions","enable_output_generated_sdk"],"joinArgs":true,"shell":false,"port":9399} {"metadata":{"emulator":{"name":"dataconnect"},"message":"Starting Data Connect Emulator with command {\"binary\":\"/home/user/.cache/firebase/emulators/dataconnect-emulator-2.17.0\",\"args\":[\"--logtostderr\",\"-v=2\",\"dev\",\"--listen=localhost:50001\",\"--config_dir=/home/user/studio/dataconnect\",\"--enable_output_schema_extensions=true\",\"--enable_output_generated_sdk=true\"],\"optionalArgs\":[\"listen\",\"config_dir\",\"enable_output_schema_extensions\",\"enable_output_generated_sdk\"],\"joinArgs\":true,\"shell\":false,\"port\":9399}"}}
[info] i  dataconnect: Data Connect Emulator logging to dataconnect-debug.log {"metadata":{"emulator":{"name":"dataconnect"},"message":"Data Connect Emulator logging to dataconnect-debug.log"}}
[debug] [2025-12-11T08:15:08.554Z] I1211 08:15:08.477377     570 load.go:31] Reloading schema and connectors...
 {"metadata":{"emulator":{"name":"dataconnect"},"message":"I1211 08:15:08.477377     570 load.go:31] Reloading schema and connectors...\n"}}
[debug] [2025-12-11T08:15:08.602Z] <<< [apiv2][status] GET https://firebase.googleapis.com/v1beta1/projects 200
[debug] [2025-12-11T08:15:08.603Z] <<< [apiv2][body] GET https://firebase.googleapis.com/v1beta1/projects [omitted]
[debug] [2025-12-11T08:15:08.771Z] I1211 08:15:08.771346     570 control.go:94] [/emulator/studio-v0 5063] UpdateResources(): done
Main schema: sources: schema/schema.gql [3721B] 
Connector "default": sources: connector/mutations.gql [3182B] connector/queries.gql [2742B] 
 {"metadata":{"emulator":{"name":"dataconnect"},"message":"I1211 08:15:08.771346     570 control.go:94] [/emulator/studio-v0 5063] UpdateResources(): done\nMain schema: sources: schema/schema.gql [3721B] \nConnector \"default\": sources: connector/mutations.gql [3182B] connector/queries.gql [2742B] \n"}}
[debug] [2025-12-11T08:15:09.005Z] I1211 08:15:08.996667     570 codegen.go:80] [connector "default" javascriptSdk] Generating sources into "/home/user/studio/dataconnect-generated/js/default-connector"
 {"metadata":{"emulator":{"name":"dataconnect"},"message":"I1211 08:15:08.996667     570 codegen.go:80] [connector \"default\" javascriptSdk] Generating sources into \"/home/user/studio/dataconnect-generated/js/default-connector\"\n"}}
[debug] [2025-12-11T08:15:09.063Z] I1211 08:15:09.062448     570 collector.go:107] schema extensions wrote into "/home/user/studio/dataconnect/.dataconnect/schema"
Generated sources: main/input.gql [122168B] main/relation.gql [51784B] main/query.gql [15655B] main/mutation.gql [41655B] prelude.gql [73219B] main/implicit.gql [3267B] 
 {"metadata":{"emulator":{"name":"dataconnect"},"message":"I1211 08:15:09.062448     570 collector.go:107] schema extensions wrote into \"/home/user/studio/dataconnect/.dataconnect/schema\"\nGenerated sources: main/input.gql [122168B] main/relation.gql [51784B] main/query.gql [15655B] main/mutation.gql [41655B] prelude.gql [73219B] main/implicit.gql [3267B] \n"}}
[debug] [2025-12-11T08:15:09.070Z] I1211 08:15:09.069771     570 collector.go:107] connector "default" javascriptSdk wrote into "/home/user/studio/dataconnect-generated/js/default-connector"
Generated sources: react/index.d.ts [12119B] package.json [871B] react/package.json [468B] react/esm/package.json [17B] react/README.md [119856B] .guides/usage.md [4620B] index.d.ts [24807B] esm/package.json [17B] index.cjs.js [12004B] react/esm/index.esm.js [9027B] .guides/setup.md [1690B] esm/index.esm.js [10374B] README.md [116341B] react/index.cjs.js [9597B] .guides/config.json [236B] 
 {"metadata":{"emulator":{"name":"dataconnect"},"message":"I1211 08:15:09.069771     570 collector.go:107] connector \"default\" javascriptSdk wrote into \"/home/user/studio/dataconnect-generated/js/default-connector\"\nGenerated sources: react/index.d.ts [12119B] package.json [871B] react/package.json [468B] react/esm/package.json [17B] react/README.md [119856B] .guides/usage.md [4620B] index.d.ts [24807B] esm/package.json [17B] index.cjs.js [12004B] react/esm/index.esm.js [9027B] .guides/setup.md [1690B] esm/index.esm.js [10374B] README.md [116341B] react/index.cjs.js [9597B] .guides/config.json [236B] \n"}}
[debug] [2025-12-11T08:15:09.080Z] I1211 08:15:09.079879     570 installsdk.go:55] Package @firebasegen/default-connector is already installed. Skipping installation
I1211 08:15:09.079938     570 load.go:109] Finished reloading
 {"metadata":{"emulator":{"name":"dataconnect"},"message":"I1211 08:15:09.079879     570 installsdk.go:55] Package @firebasegen/default-connector is already installed. Skipping installation\nI1211 08:15:09.079938     570 load.go:109] Finished reloading\n"}}
[debug] [2025-12-11T08:15:09.144Z] I1211 08:15:09.144396     570 dev.go:105] Listening on address (HTTP + gRPC): 127.0.0.1:50001
 {"metadata":{"emulator":{"name":"dataconnect"},"message":"I1211 08:15:09.144396     570 dev.go:105] Listening on address (HTTP + gRPC): 127.0.0.1:50001\n"}}
[debug] [2025-12-11T08:15:10.239Z] I1211 08:15:09.351461     570 engine.go:171] [/emulator/studio-v0 5063] ExecuteGraphqlRead IntrospectionQuery: succeeded. 
 {"metadata":{"emulator":{"name":"dataconnect"},"message":"I1211 08:15:09.351461     570 engine.go:171] [/emulator/studio-v0 5063] ExecuteGraphqlRead IntrospectionQuery: succeeded. \n"}}
[error] [Firebase Plugin] (Webview) Unhandled rejected promise: {} 
 i: Failed to connect to MetaMask
    at Object.connect (chrome-extension://nkbihfbeogaeaoehlefnkodbefgpgknn/scripts/inpage.js:1:58695)
    at async s (chrome-extension://nkbihfbeogaeaoehlefnkodbefgpgknn/scripts/inpage.js:1:56490)
[error] [Firebase Plugin] (Webview) Unhandled rejected promise: {} 
 i: Failed to connect to MetaMask
    at Object.connect (chrome-extension://nkbihfbeogaeaoehlefnkodbefgpgknn/scripts/inpage.js:1:58695)
    at async s (chrome-extension://nkbihfbeogaeaoehlefnkodbefgpgknn/scripts/inpage.js:1:56490)
[debug] [2025-12-12T04:44:57.887Z] [Firebase Plugin] Activating Firebase extension.
[debug] [2025-12-12T04:45:42.650Z] [Firebase Plugin] requireAuthWrapper
[debug] [2025-12-12T04:45:42.663Z] > command requires scopes: ["email","openid","https://www.googleapis.com/auth/cloudplatformprojects.readonly","https://www.googleapis.com/auth/firebase","https://www.googleapis.com/auth/cloud-platform","https://www.googleapis.com/auth/userinfo.email"]
[debug] [2025-12-12T04:45:42.664Z] > authorizing via signed-in user (lumacx@gmail.com)
[debug] [2025-12-12T04:45:42.690Z] Checked if tokens are valid: false, expires at: 1765447206778
[debug] [2025-12-12T04:45:42.693Z] Checked if tokens are valid: false, expires at: 1765447206778
[debug] [2025-12-12T04:45:42.694Z] > refreshing access token with scopes: []
[debug] [2025-12-12T04:45:42.715Z] >>> [apiv2][query] POST https://www.googleapis.com/oauth2/v3/token [none]
[debug] [2025-12-12T04:45:42.718Z] >>> [apiv2][body] POST https://www.googleapis.com/oauth2/v3/token [omitted]
[debug] [2025-12-12T04:45:43.089Z] [Firebase Plugin] VSCode notification server listening on port 40001
[debug] [2025-12-12T04:45:45.207Z] <<< [apiv2][status] POST https://www.googleapis.com/oauth2/v3/token 200
[debug] [2025-12-12T04:45:45.211Z] <<< [apiv2][body] POST https://www.googleapis.com/oauth2/v3/token [omitted]
[debug] [2025-12-12T04:45:45.425Z] [Firebase Plugin] User found:  lumacx@gmail.com
[info] [Firebase Plugin] (Core:Project) New user detected, fetching projects
[debug] [2025-12-12T04:45:45.437Z] Checked if tokens are valid: true, expires at: 1765518344212
[debug] [2025-12-12T04:45:45.451Z] >>> [apiv2][query] GET https://firebase.googleapis.com/v1beta1/projects pageSize=1000
[info] [Firebase Plugin] Starting Data Connect toolkit (version 2.17.0) on port 50001
[debug] [2025-12-12T04:45:57.606Z] I1212 04:45:57.071826     623 control.go:94] [/emulator/studio-v0 37cc] UpdateResources(): done
Main schema: sources: schema/schema.gql [3721B] 
Connector "default": sources: connector/mutations.gql [3182B] connector/queries.gql [2742B] 
 {"metadata":{"emulator":{"name":"dataconnect"},"message":"I1212 04:45:57.071826     623 control.go:94] [/emulator/studio-v0 37cc] UpdateResources(): done\nMain schema: sources: schema/schema.gql [3721B] \nConnector \"default\": sources: connector/mutations.gql [3182B] connector/queries.gql [2742B] \n"}}
[debug] [2025-12-12T04:45:57.620Z] Ignoring unsupported arg: auto_download {"metadata":{"emulator":{"name":"dataconnect"},"message":"Ignoring unsupported arg: auto_download"}}
[debug] [2025-12-12T04:45:57.621Z] Ignoring unsupported arg: port {"metadata":{"emulator":{"name":"dataconnect"},"message":"Ignoring unsupported arg: port"}}
[debug] [2025-12-12T04:45:57.621Z] Starting Data Connect Emulator with command {"binary":"/home/user/.cache/firebase/emulators/dataconnect-emulator-2.17.0","args":["--logtostderr","-v=2","dev","--listen=localhost:50001","--config_dir=/home/user/studio/dataconnect","--enable_output_schema_extensions=true","--enable_output_generated_sdk=true"],"optionalArgs":["listen","config_dir","enable_output_schema_extensions","enable_output_generated_sdk"],"joinArgs":true,"shell":false,"port":9399} {"metadata":{"emulator":{"name":"dataconnect"},"message":"Starting Data Connect Emulator with command {\"binary\":\"/home/user/.cache/firebase/emulators/dataconnect-emulator-2.17.0\",\"args\":[\"--logtostderr\",\"-v=2\",\"dev\",\"--listen=localhost:50001\",\"--config_dir=/home/user/studio/dataconnect\",\"--enable_output_schema_extensions=true\",\"--enable_output_generated_sdk=true\"],\"optionalArgs\":[\"listen\",\"config_dir\",\"enable_output_schema_extensions\",\"enable_output_generated_sdk\"],\"joinArgs\":true,\"shell\":false,\"port\":9399}"}}
[info] i  dataconnect: Data Connect Emulator logging to dataconnect-debug.log {"metadata":{"emulator":{"name":"dataconnect"},"message":"Data Connect Emulator logging to dataconnect-debug.log"}}
[debug] [2025-12-12T04:45:58.171Z] *** [apiv2] error from fetch(https://firebase.googleapis.com/v1beta1/projects?pageSize=1000, {"headers":{},"method":"GET","signal":{"reason":""}}): FetchError: request to https://firebase.googleapis.com/v1beta1/projects?pageSize=1000 failed, reason: Client network socket disconnected before secure TLS connection was established
[debug] [2025-12-12T04:45:58.180Z] Failed to make request to https://firebase.googleapis.com/v1beta1/projects?pageSize=1000
[debug] [2025-12-12T04:45:58.238Z] I1212 04:45:57.896959     635 load.go:31] Reloading schema and connectors...
 {"metadata":{"emulator":{"name":"dataconnect"},"message":"I1212 04:45:57.896959     635 load.go:31] Reloading schema and connectors...\n"}}
[debug] [2025-12-12T04:45:59.876Z] I1212 04:45:59.571673     635 control.go:94] [/emulator/studio-v0 f709] UpdateResources(): done
Main schema: sources: schema/schema.gql [3721B] 
Connector "default": sources: connector/mutations.gql [3182B] connector/queries.gql [2742B] 
 {"metadata":{"emulator":{"name":"dataconnect"},"message":"I1212 04:45:59.571673     635 control.go:94] [/emulator/studio-v0 f709] UpdateResources(): done\nMain schema: sources: schema/schema.gql [3721B] \nConnector \"default\": sources: connector/mutations.gql [3182B] connector/queries.gql [2742B] \n"}}
[debug] [2025-12-12T04:46:01.122Z] I1212 04:46:01.119169     635 codegen.go:80] [connector "default" javascriptSdk] Generating sources into "/home/user/studio/dataconnect-generated/js/default-connector"
 {"metadata":{"emulator":{"name":"dataconnect"},"message":"I1212 04:46:01.119169     635 codegen.go:80] [connector \"default\" javascriptSdk] Generating sources into \"/home/user/studio/dataconnect-generated/js/default-connector\"\n"}}
[debug] [2025-12-12T04:46:01.700Z] I1212 04:46:01.699239     635 collector.go:107] schema extensions wrote into "/home/user/studio/dataconnect/.dataconnect/schema"
Generated sources: main/relation.gql [51784B] main/query.gql [15655B] prelude.gql [73219B] main/mutation.gql [41655B] main/implicit.gql [3267B] main/input.gql [122168B] 
 {"metadata":{"emulator":{"name":"dataconnect"},"message":"I1212 04:46:01.699239     635 collector.go:107] schema extensions wrote into \"/home/user/studio/dataconnect/.dataconnect/schema\"\nGenerated sources: main/relation.gql [51784B] main/query.gql [15655B] prelude.gql [73219B] main/mutation.gql [41655B] main/implicit.gql [3267B] main/input.gql [122168B] \n"}}
[debug] [2025-12-12T04:46:01.803Z] I1212 04:46:01.783134     635 collector.go:107] connector "default" javascriptSdk wrote into "/home/user/studio/dataconnect-generated/js/default-connector"
Generated sources: package.json [871B] .guides/setup.md [1690B] README.md [116341B] react/index.d.ts [12119B] react/esm/package.json [17B] react/esm/index.esm.js [9027B] esm/package.json [17B] index.cjs.js [12004B] react/index.cjs.js [9597B] .guides/usage.md [4620B] index.d.ts [24807B] esm/index.esm.js [10374B] react/package.json [468B] react/README.md [119856B] .guides/config.json [236B] 
 {"metadata":{"emulator":{"name":"dataconnect"},"message":"I1212 04:46:01.783134     635 collector.go:107] connector \"default\" javascriptSdk wrote into \"/home/user/studio/dataconnect-generated/js/default-connector\"\nGenerated sources: package.json [871B] .guides/setup.md [1690B] README.md [116341B] react/index.d.ts [12119B] react/esm/package.json [17B] react/esm/index.esm.js [9027B] esm/package.json [17B] index.cjs.js [12004B] react/index.cjs.js [9597B] .guides/usage.md [4620B] index.d.ts [24807B] esm/index.esm.js [10374B] react/package.json [468B] react/README.md [119856B] .guides/config.json [236B] \n"}}
[debug] [2025-12-12T04:46:02.034Z] I1212 04:46:01.964327     635 installsdk.go:55] Package @firebasegen/default-connector is already installed. Skipping installation
I1212 04:46:01.964396     635 load.go:109] Finished reloading
 {"metadata":{"emulator":{"name":"dataconnect"},"message":"I1212 04:46:01.964327     635 installsdk.go:55] Package @firebasegen/default-connector is already installed. Skipping installation\nI1212 04:46:01.964396     635 load.go:109] Finished reloading\n"}}
[debug] [2025-12-12T04:46:02.100Z] I1212 04:46:02.076835     635 dev.go:105] Listening on address (HTTP + gRPC): 127.0.0.1:50001
 {"metadata":{"emulator":{"name":"dataconnect"},"message":"I1212 04:46:02.076835     635 dev.go:105] Listening on address (HTTP + gRPC): 127.0.0.1:50001\n"}}
[debug] [2025-12-12T04:46:04.121Z] I1212 04:46:03.520538     635 engine.go:171] [/emulator/studio-v0 f709] ExecuteGraphqlRead IntrospectionQuery: succeeded. 
 {"metadata":{"emulator":{"name":"dataconnect"},"message":"I1212 04:46:03.520538     635 engine.go:171] [/emulator/studio-v0 f709] ExecuteGraphqlRead IntrospectionQuery: succeeded. \n"}}
[debug] [2025-12-12T04:53:32.250Z] [Firebase Plugin] Activating Firebase extension.
[debug] [2025-12-12T04:54:20.934Z] [Firebase Plugin] requireAuthWrapper
[debug] [2025-12-12T04:54:20.955Z] > command requires scopes: ["email","openid","https://www.googleapis.com/auth/cloudplatformprojects.readonly","https://www.googleapis.com/auth/firebase","https://www.googleapis.com/auth/cloud-platform","https://www.googleapis.com/auth/userinfo.email"]
[debug] [2025-12-12T04:54:20.956Z] > authorizing via signed-in user (lumacx@gmail.com)
[debug] [2025-12-12T04:54:20.986Z] Checked if tokens are valid: true, expires at: 1765518344212
[debug] [2025-12-12T04:54:20.987Z] Checked if tokens are valid: true, expires at: 1765518344212
[debug] [2025-12-12T04:54:20.991Z] [Firebase Plugin] User found:  lumacx@gmail.com
[info] [Firebase Plugin] (Core:Project) New user detected, fetching projects
[debug] [2025-12-12T04:54:20.999Z] Checked if tokens are valid: true, expires at: 1765518344212
[debug] [2025-12-12T04:54:21.010Z] >>> [apiv2][query] GET https://firebase.googleapis.com/v1beta1/projects pageSize=1000
[debug] [2025-12-12T04:54:21.289Z] [Firebase Plugin] VSCode notification server listening on port 40001
[info] [Firebase Plugin] Starting Data Connect toolkit (version 2.17.0) on port 50001
[debug] [2025-12-12T04:54:28.765Z] I1212 04:54:28.463506     568 control.go:94] [/emulator/studio-v0 abbb] UpdateResources(): done
Main schema: sources: schema/schema.gql [3721B] 
Connector "default": sources: connector/mutations.gql [3182B] connector/queries.gql [2742B] 
 {"metadata":{"emulator":{"name":"dataconnect"},"message":"I1212 04:54:28.463506     568 control.go:94] [/emulator/studio-v0 abbb] UpdateResources(): done\nMain schema: sources: schema/schema.gql [3721B] \nConnector \"default\": sources: connector/mutations.gql [3182B] connector/queries.gql [2742B] \n"}}
[debug] [2025-12-12T04:54:28.772Z] Ignoring unsupported arg: auto_download {"metadata":{"emulator":{"name":"dataconnect"},"message":"Ignoring unsupported arg: auto_download"}}
[debug] [2025-12-12T04:54:28.775Z] Ignoring unsupported arg: port {"metadata":{"emulator":{"name":"dataconnect"},"message":"Ignoring unsupported arg: port"}}
[debug] [2025-12-12T04:54:28.776Z] Starting Data Connect Emulator with command {"binary":"/home/user/.cache/firebase/emulators/dataconnect-emulator-2.17.0","args":["--logtostderr","-v=2","dev","--listen=localhost:50001","--config_dir=/home/user/studio/dataconnect","--enable_output_schema_extensions=true","--enable_output_generated_sdk=true"],"optionalArgs":["listen","config_dir","enable_output_schema_extensions","enable_output_generated_sdk"],"joinArgs":true,"shell":false,"port":9399} {"metadata":{"emulator":{"name":"dataconnect"},"message":"Starting Data Connect Emulator with command {\"binary\":\"/home/user/.cache/firebase/emulators/dataconnect-emulator-2.17.0\",\"args\":[\"--logtostderr\",\"-v=2\",\"dev\",\"--listen=localhost:50001\",\"--config_dir=/home/user/studio/dataconnect\",\"--enable_output_schema_extensions=true\",\"--enable_output_generated_sdk=true\"],\"optionalArgs\":[\"listen\",\"config_dir\",\"enable_output_schema_extensions\",\"enable_output_generated_sdk\"],\"joinArgs\":true,\"shell\":false,\"port\":9399}"}}
[info] i  dataconnect: Data Connect Emulator logging to dataconnect-debug.log {"metadata":{"emulator":{"name":"dataconnect"},"message":"Data Connect Emulator logging to dataconnect-debug.log"}}
[debug] [2025-12-12T04:54:29.277Z] I1212 04:54:28.915822     574 load.go:31] Reloading schema and connectors...
 {"metadata":{"emulator":{"name":"dataconnect"},"message":"I1212 04:54:28.915822     574 load.go:31] Reloading schema and connectors...\n"}}
[debug] [2025-12-12T04:54:30.786Z] I1212 04:54:29.761845     574 control.go:94] [/emulator/studio-v0 bc6e] UpdateResources(): done
Main schema: sources: schema/schema.gql [3721B] 
Connector "default": sources: connector/mutations.gql [3182B] connector/queries.gql [2742B] 
 {"metadata":{"emulator":{"name":"dataconnect"},"message":"I1212 04:54:29.761845     574 control.go:94] [/emulator/studio-v0 bc6e] UpdateResources(): done\nMain schema: sources: schema/schema.gql [3721B] \nConnector \"default\": sources: connector/mutations.gql [3182B] connector/queries.gql [2742B] \n"}}
[debug] [2025-12-12T04:54:30.922Z] <<< [apiv2][status] GET https://firebase.googleapis.com/v1beta1/projects 200
[debug] [2025-12-12T04:54:30.932Z] <<< [apiv2][body] GET https://firebase.googleapis.com/v1beta1/projects [omitted]
[debug] [2025-12-12T04:54:31.829Z] I1212 04:54:31.209537     574 codegen.go:80] [connector "default" javascriptSdk] Generating sources into "/home/user/studio/dataconnect-generated/js/default-connector"
I1212 04:54:31.472953     574 collector.go:107] schema extensions wrote into "/home/user/studio/dataconnect/.dataconnect/schema"
Generated sources: main/mutation.gql [41655B] prelude.gql [73219B] main/implicit.gql [3267B] main/input.gql [122168B] main/relation.gql [51784B] main/query.gql [15655B] 
I1212 04:54:31.480654     574 collector.go:107] connector "default" javascriptSdk wrote into "/home/user/studio/dataconnect-generated/js/default-connector"
Generated sources: react/index.d.ts [12119B] react/package.json [468B] react/esm/package.json [17B] .guides/usage.md [4620B] esm/package.json [17B] .guides/config.json [236B] .guides/setup.md [1690B] esm/index.esm.js [10374B] index.cjs.js [12004B] package.json [871B] README.md [116341B] react/index.cjs.js [9597B] react/esm/index.esm.js [9027B] react/README.md [119856B] index.d.ts [24807B] 
I1212 04:54:31.547750     574 installsdk.go:55] Package @firebasegen/default-connector is already installed. Skipping installation
I1212 04:54:31.547831     574 load.go:109] Finished reloading
I1212 04:54:31.567551     574 dev.go:105] Listening on address (HTTP + gRPC): 127.0.0.1:50001
 {"metadata":{"emulator":{"name":"dataconnect"},"message":"I1212 04:54:31.209537     574 codegen.go:80] [connector \"default\" javascriptSdk] Generating sources into \"/home/user/studio/dataconnect-generated/js/default-connector\"\nI1212 04:54:31.472953     574 collector.go:107] schema extensions wrote into \"/home/user/studio/dataconnect/.dataconnect/schema\"\nGenerated sources: main/mutation.gql [41655B] prelude.gql [73219B] main/implicit.gql [3267B] main/input.gql [122168B] main/relation.gql [51784B] main/query.gql [15655B] \nI1212 04:54:31.480654     574 collector.go:107] connector \"default\" javascriptSdk wrote into \"/home/user/studio/dataconnect-generated/js/default-connector\"\nGenerated sources: react/index.d.ts [12119B] react/package.json [468B] react/esm/package.json [17B] .guides/usage.md [4620B] esm/package.json [17B] .guides/config.json [236B] .guides/setup.md [1690B] esm/index.esm.js [10374B] index.cjs.js [12004B] package.json [871B] README.md [116341B] react/index.cjs.js [9597B] react/esm/index.esm.js [9027B] react/README.md [119856B] index.d.ts [24807B] \nI1212 04:54:31.547750     574 installsdk.go:55] Package @firebasegen/default-connector is already installed. Skipping installation\nI1212 04:54:31.547831     574 load.go:109] Finished reloading\nI1212 04:54:31.567551     574 dev.go:105] Listening on address (HTTP + gRPC): 127.0.0.1:50001\n"}}
[debug] [2025-12-12T04:54:32.980Z] I1212 04:54:32.946995     574 engine.go:171] [/emulator/studio-v0 bc6e] ExecuteGraphqlRead IntrospectionQuery: succeeded. 
 {"metadata":{"emulator":{"name":"dataconnect"},"message":"I1212 04:54:32.946995     574 engine.go:171] [/emulator/studio-v0 bc6e] ExecuteGraphqlRead IntrospectionQuery: succeeded. \n"}}
[debug] [2025-12-12T05:45:37.067Z] [Firebase Plugin] Activating Firebase extension.
[debug] [2025-12-12T05:46:34.312Z] [Firebase Plugin] requireAuthWrapper
[debug] [2025-12-12T05:46:34.321Z] > command requires scopes: ["email","openid","https://www.googleapis.com/auth/cloudplatformprojects.readonly","https://www.googleapis.com/auth/firebase","https://www.googleapis.com/auth/cloud-platform","https://www.googleapis.com/auth/userinfo.email"]
[debug] [2025-12-12T05:46:34.325Z] > authorizing via signed-in user (lumacx@gmail.com)
[debug] [2025-12-12T05:46:34.344Z] Checked if tokens are valid: false, expires at: 1765518344212
[debug] [2025-12-12T05:46:34.349Z] Checked if tokens are valid: false, expires at: 1765518344212
[debug] [2025-12-12T05:46:34.351Z] > refreshing access token with scopes: []
[debug] [2025-12-12T05:46:34.359Z] >>> [apiv2][query] POST https://www.googleapis.com/oauth2/v3/token [none]
[debug] [2025-12-12T05:46:34.360Z] >>> [apiv2][body] POST https://www.googleapis.com/oauth2/v3/token [omitted]
[debug] [2025-12-12T05:46:34.466Z] [Firebase Plugin] VSCode notification server listening on port 40001
[info] [Firebase Plugin] Starting Data Connect toolkit (version 2.17.0) on port 50001
[debug] [2025-12-12T05:46:41.547Z] I1212 05:46:41.036600     719 control.go:94] [/emulator/studio-v0 93c7] UpdateResources(): done
Main schema: sources: schema/schema.gql [3721B] 
Connector "default": sources: connector/mutations.gql [3182B] connector/queries.gql [2742B] 
 {"metadata":{"emulator":{"name":"dataconnect"},"message":"I1212 05:46:41.036600     719 control.go:94] [/emulator/studio-v0 93c7] UpdateResources(): done\nMain schema: sources: schema/schema.gql [3721B] \nConnector \"default\": sources: connector/mutations.gql [3182B] connector/queries.gql [2742B] \n"}}
[debug] [2025-12-12T05:46:41.556Z] Ignoring unsupported arg: auto_download {"metadata":{"emulator":{"name":"dataconnect"},"message":"Ignoring unsupported arg: auto_download"}}
[debug] [2025-12-12T05:46:41.558Z] Ignoring unsupported arg: port {"metadata":{"emulator":{"name":"dataconnect"},"message":"Ignoring unsupported arg: port"}}
[debug] [2025-12-12T05:46:41.564Z] Starting Data Connect Emulator with command {"binary":"/home/user/.cache/firebase/emulators/dataconnect-emulator-2.17.0","args":["--logtostderr","-v=2","dev","--listen=localhost:50001","--config_dir=/home/user/studio/dataconnect","--enable_output_schema_extensions=true","--enable_output_generated_sdk=true"],"optionalArgs":["listen","config_dir","enable_output_schema_extensions","enable_output_generated_sdk"],"joinArgs":true,"shell":false,"port":9399} {"metadata":{"emulator":{"name":"dataconnect"},"message":"Starting Data Connect Emulator with command {\"binary\":\"/home/user/.cache/firebase/emulators/dataconnect-emulator-2.17.0\",\"args\":[\"--logtostderr\",\"-v=2\",\"dev\",\"--listen=localhost:50001\",\"--config_dir=/home/user/studio/dataconnect\",\"--enable_output_schema_extensions=true\",\"--enable_output_generated_sdk=true\"],\"optionalArgs\":[\"listen\",\"config_dir\",\"enable_output_schema_extensions\",\"enable_output_generated_sdk\"],\"joinArgs\":true,\"shell\":false,\"port\":9399}"}}
[info] i  dataconnect: Data Connect Emulator logging to dataconnect-debug.log {"metadata":{"emulator":{"name":"dataconnect"},"message":"Data Connect Emulator logging to dataconnect-debug.log"}}
[debug] [2025-12-12T05:46:42.419Z] I1212 05:46:41.771521     724 load.go:31] Reloading schema and connectors...
 {"metadata":{"emulator":{"name":"dataconnect"},"message":"I1212 05:46:41.771521     724 load.go:31] Reloading schema and connectors...\n"}}
[debug] [2025-12-12T05:46:43.361Z] I1212 05:46:42.884521     724 control.go:94] [/emulator/studio-v0 28d7] UpdateResources(): done
Main schema: sources: schema/schema.gql [3721B] 
Connector "default": sources: connector/queries.gql [2742B] connector/mutations.gql [3182B] 
 {"metadata":{"emulator":{"name":"dataconnect"},"message":"I1212 05:46:42.884521     724 control.go:94] [/emulator/studio-v0 28d7] UpdateResources(): done\nMain schema: sources: schema/schema.gql [3721B] \nConnector \"default\": sources: connector/queries.gql [2742B] connector/mutations.gql [3182B] \n"}}
[debug] [2025-12-12T05:46:44.055Z] I1212 05:46:43.890172     724 codegen.go:80] [connector "default" javascriptSdk] Generating sources into "/home/user/studio/dataconnect-generated/js/default-connector"
 {"metadata":{"emulator":{"name":"dataconnect"},"message":"I1212 05:46:43.890172     724 codegen.go:80] [connector \"default\" javascriptSdk] Generating sources into \"/home/user/studio/dataconnect-generated/js/default-connector\"\n"}}
[debug] [2025-12-12T05:46:44.099Z] <<< [apiv2][status] POST https://www.googleapis.com/oauth2/v3/token 200
[debug] [2025-12-12T05:46:44.103Z] <<< [apiv2][body] POST https://www.googleapis.com/oauth2/v3/token [omitted]
[debug] [2025-12-12T05:46:44.181Z] [Firebase Plugin] User found:  lumacx@gmail.com
[info] [Firebase Plugin] (Core:Project) New user detected, fetching projects
[debug] [2025-12-12T05:46:44.222Z] Checked if tokens are valid: true, expires at: 1765522003111
[debug] [2025-12-12T05:46:44.235Z] >>> [apiv2][query] GET https://firebase.googleapis.com/v1beta1/projects pageSize=1000
[debug] [2025-12-12T05:46:44.798Z] I1212 05:46:44.125062     724 collector.go:107] schema extensions wrote into "/home/user/studio/dataconnect/.dataconnect/schema"
Generated sources: main/query.gql [15655B] main/mutation.gql [41655B] prelude.gql [73219B] main/implicit.gql [3267B] main/input.gql [122168B] main/relation.gql [51784B] 
I1212 05:46:44.149460     724 collector.go:107] connector "default" javascriptSdk wrote into "/home/user/studio/dataconnect-generated/js/default-connector"
Generated sources: index.d.ts [24807B] esm/index.esm.js [10374B] index.cjs.js [12004B] react/esm/package.json [17B] react/esm/index.esm.js [9027B] react/index.d.ts [12119B] .guides/usage.md [4620B] README.md [116341B] react/README.md [119856B] .guides/setup.md [1690B] .guides/config.json [236B] esm/package.json [17B] package.json [871B] react/package.json [468B] react/index.cjs.js [9597B] 
I1212 05:46:44.183359     724 installsdk.go:55] Package @firebasegen/default-connector is already installed. Skipping installation
I1212 05:46:44.183754     724 load.go:109] Finished reloading
I1212 05:46:44.200023     724 dev.go:105] Listening on address (HTTP + gRPC): 127.0.0.1:50001
 {"metadata":{"emulator":{"name":"dataconnect"},"message":"I1212 05:46:44.125062     724 collector.go:107] schema extensions wrote into \"/home/user/studio/dataconnect/.dataconnect/schema\"\nGenerated sources: main/query.gql [15655B] main/mutation.gql [41655B] prelude.gql [73219B] main/implicit.gql [3267B] main/input.gql [122168B] main/relation.gql [51784B] \nI1212 05:46:44.149460     724 collector.go:107] connector \"default\" javascriptSdk wrote into \"/home/user/studio/dataconnect-generated/js/default-connector\"\nGenerated sources: index.d.ts [24807B] esm/index.esm.js [10374B] index.cjs.js [12004B] react/esm/package.json [17B] react/esm/index.esm.js [9027B] react/index.d.ts [12119B] .guides/usage.md [4620B] README.md [116341B] react/README.md [119856B] .guides/setup.md [1690B] .guides/config.json [236B] esm/package.json [17B] package.json [871B] react/package.json [468B] react/index.cjs.js [9597B] \nI1212 05:46:44.183359     724 installsdk.go:55] Package @firebasegen/default-connector is already installed. Skipping installation\nI1212 05:46:44.183754     724 load.go:109] Finished reloading\nI1212 05:46:44.200023     724 dev.go:105] Listening on address (HTTP + gRPC): 127.0.0.1:50001\n"}}
[debug] [2025-12-12T05:46:45.557Z] <<< [apiv2][status] GET https://firebase.googleapis.com/v1beta1/projects 200
[debug] [2025-12-12T05:46:45.569Z] <<< [apiv2][body] GET https://firebase.googleapis.com/v1beta1/projects [omitted]
[debug] [2025-12-12T05:46:45.609Z] I1212 05:46:45.608444     724 engine.go:171] [/emulator/studio-v0 28d7] ExecuteGraphqlRead IntrospectionQuery: succeeded. 
 {"metadata":{"emulator":{"name":"dataconnect"},"message":"I1212 05:46:45.608444     724 engine.go:171] [/emulator/studio-v0 28d7] ExecuteGraphqlRead IntrospectionQuery: succeeded. \n"}}
[debug] [2025-12-12T20:03:54.838Z] [Firebase Plugin] Activating Firebase extension.
[debug] [2025-12-12T20:04:51.561Z] [Firebase Plugin] requireAuthWrapper
[debug] [2025-12-12T20:04:51.580Z] > command requires scopes: ["email","openid","https://www.googleapis.com/auth/cloudplatformprojects.readonly","https://www.googleapis.com/auth/firebase","https://www.googleapis.com/auth/cloud-platform","https://www.googleapis.com/auth/userinfo.email"]
[debug] [2025-12-12T20:04:51.586Z] > authorizing via signed-in user (lumacx@gmail.com)
[debug] [2025-12-12T20:04:51.608Z] Checked if tokens are valid: false, expires at: 1765525983886
[debug] [2025-12-12T20:04:51.611Z] Checked if tokens are valid: false, expires at: 1765525983886
[debug] [2025-12-12T20:04:51.612Z] > refreshing access token with scopes: []
[debug] [2025-12-12T20:04:51.660Z] >>> [apiv2][query] POST https://www.googleapis.com/oauth2/v3/token [none]
[debug] [2025-12-12T20:04:51.661Z] >>> [apiv2][body] POST https://www.googleapis.com/oauth2/v3/token [omitted]
[debug] [2025-12-12T20:04:51.941Z] [Firebase Plugin] VSCode notification server listening on port 40001
[info] [Firebase Plugin] Starting Data Connect toolkit (version 2.17.0) on port 50001
[debug] [2025-12-12T20:04:59.147Z] I1212 20:04:58.673038     729 control.go:94] [/emulator/studio-v0 4212] UpdateResources(): done
Main schema: sources: schema/schema.gql [3721B] 
Connector "default": sources: connector/mutations.gql [3182B] connector/queries.gql [2742B] 
 {"metadata":{"emulator":{"name":"dataconnect"},"message":"I1212 20:04:58.673038     729 control.go:94] [/emulator/studio-v0 4212] UpdateResources(): done\nMain schema: sources: schema/schema.gql [3721B] \nConnector \"default\": sources: connector/mutations.gql [3182B] connector/queries.gql [2742B] \n"}}
[debug] [2025-12-12T20:04:59.154Z] Ignoring unsupported arg: auto_download {"metadata":{"emulator":{"name":"dataconnect"},"message":"Ignoring unsupported arg: auto_download"}}
[debug] [2025-12-12T20:04:59.155Z] Ignoring unsupported arg: port {"metadata":{"emulator":{"name":"dataconnect"},"message":"Ignoring unsupported arg: port"}}
[debug] [2025-12-12T20:04:59.165Z] Starting Data Connect Emulator with command {"binary":"/home/user/.cache/firebase/emulators/dataconnect-emulator-2.17.0","args":["--logtostderr","-v=2","dev","--listen=localhost:50001","--config_dir=/home/user/studio/dataconnect","--enable_output_schema_extensions=true","--enable_output_generated_sdk=true"],"optionalArgs":["listen","config_dir","enable_output_schema_extensions","enable_output_generated_sdk"],"joinArgs":true,"shell":false,"port":9399} {"metadata":{"emulator":{"name":"dataconnect"},"message":"Starting Data Connect Emulator with command {\"binary\":\"/home/user/.cache/firebase/emulators/dataconnect-emulator-2.17.0\",\"args\":[\"--logtostderr\",\"-v=2\",\"dev\",\"--listen=localhost:50001\",\"--config_dir=/home/user/studio/dataconnect\",\"--enable_output_schema_extensions=true\",\"--enable_output_generated_sdk=true\"],\"optionalArgs\":[\"listen\",\"config_dir\",\"enable_output_schema_extensions\",\"enable_output_generated_sdk\"],\"joinArgs\":true,\"shell\":false,\"port\":9399}"}}
[info] i  dataconnect: Data Connect Emulator logging to dataconnect-debug.log {"metadata":{"emulator":{"name":"dataconnect"},"message":"Data Connect Emulator logging to dataconnect-debug.log"}}
[debug] [2025-12-12T20:04:59.705Z] I1212 20:04:59.436599     734 load.go:31] Reloading schema and connectors...
 {"metadata":{"emulator":{"name":"dataconnect"},"message":"I1212 20:04:59.436599     734 load.go:31] Reloading schema and connectors...\n"}}
[debug] [2025-12-12T20:04:59.851Z] <<< [apiv2][status] POST https://www.googleapis.com/oauth2/v3/token 200
[debug] [2025-12-12T20:04:59.858Z] <<< [apiv2][body] POST https://www.googleapis.com/oauth2/v3/token [omitted]
[debug] [2025-12-12T20:04:59.914Z] [Firebase Plugin] User found:  lumacx@gmail.com
[info] [Firebase Plugin] (Core:Project) New user detected, fetching projects
[debug] [2025-12-12T20:04:59.926Z] Checked if tokens are valid: true, expires at: 1765573498859
[debug] [2025-12-12T20:04:59.935Z] >>> [apiv2][query] GET https://firebase.googleapis.com/v1beta1/projects pageSize=1000
[debug] [2025-12-12T20:05:01.083Z] I1212 20:05:00.574494     734 control.go:94] [/emulator/studio-v0 1ded] UpdateResources(): done
Main schema: sources: schema/schema.gql [3721B] 
Connector "default": sources: connector/mutations.gql [3182B] connector/queries.gql [2742B] 
 {"metadata":{"emulator":{"name":"dataconnect"},"message":"I1212 20:05:00.574494     734 control.go:94] [/emulator/studio-v0 1ded] UpdateResources(): done\nMain schema: sources: schema/schema.gql [3721B] \nConnector \"default\": sources: connector/mutations.gql [3182B] connector/queries.gql [2742B] \n"}}
[debug] [2025-12-12T20:05:02.060Z] I1212 20:05:01.844203     734 codegen.go:80] [connector "default" javascriptSdk] Generating sources into "/home/user/studio/dataconnect-generated/js/default-connector"
 {"metadata":{"emulator":{"name":"dataconnect"},"message":"I1212 20:05:01.844203     734 codegen.go:80] [connector \"default\" javascriptSdk] Generating sources into \"/home/user/studio/dataconnect-generated/js/default-connector\"\n"}}
[debug] [2025-12-12T20:05:02.400Z] I1212 20:05:02.157265     734 collector.go:107] schema extensions wrote into "/home/user/studio/dataconnect/.dataconnect/schema"
Generated sources: prelude.gql [73219B] main/input.gql [122168B] main/relation.gql [51784B] main/query.gql [15655B] main/mutation.gql [41655B] main/implicit.gql [3267B] 
I1212 20:05:02.190386     734 collector.go:107] connector "default" javascriptSdk wrote into "/home/user/studio/dataconnect-generated/js/default-connector"
Generated sources: index.d.ts [24807B] esm/index.esm.js [10374B] esm/package.json [17B] README.md [116341B] react/index.d.ts [12119B] react/package.json [468B] index.cjs.js [12004B] react/index.cjs.js [9597B] .guides/setup.md [1690B] .guides/config.json [236B] package.json [871B] react/esm/package.json [17B] react/esm/index.esm.js [9027B] react/README.md [119856B] .guides/usage.md [4620B] 
I1212 20:05:02.263832     734 installsdk.go:55] Package @firebasegen/default-connector is already installed. Skipping installation
I1212 20:05:02.272974     734 load.go:109] Finished reloading
I1212 20:05:02.303949     734 dev.go:105] Listening on address (HTTP + gRPC): 127.0.0.1:50001
 {"metadata":{"emulator":{"name":"dataconnect"},"message":"I1212 20:05:02.157265     734 collector.go:107] schema extensions wrote into \"/home/user/studio/dataconnect/.dataconnect/schema\"\nGenerated sources: prelude.gql [73219B] main/input.gql [122168B] main/relation.gql [51784B] main/query.gql [15655B] main/mutation.gql [41655B] main/implicit.gql [3267B] \nI1212 20:05:02.190386     734 collector.go:107] connector \"default\" javascriptSdk wrote into \"/home/user/studio/dataconnect-generated/js/default-connector\"\nGenerated sources: index.d.ts [24807B] esm/index.esm.js [10374B] esm/package.json [17B] README.md [116341B] react/index.d.ts [12119B] react/package.json [468B] index.cjs.js [12004B] react/index.cjs.js [9597B] .guides/setup.md [1690B] .guides/config.json [236B] package.json [871B] react/esm/package.json [17B] react/esm/index.esm.js [9027B] react/README.md [119856B] .guides/usage.md [4620B] \nI1212 20:05:02.263832     734 installsdk.go:55] Package @firebasegen/default-connector is already installed. Skipping installation\nI1212 20:05:02.272974     734 load.go:109] Finished reloading\nI1212 20:05:02.303949     734 dev.go:105] Listening on address (HTTP + gRPC): 127.0.0.1:50001\n"}}
[debug] [2025-12-12T20:05:02.410Z] <<< [apiv2][status] GET https://firebase.googleapis.com/v1beta1/projects 200
[debug] [2025-12-12T20:05:02.413Z] <<< [apiv2][body] GET https://firebase.googleapis.com/v1beta1/projects [omitted]
[debug] [2025-12-12T20:05:02.973Z] I1212 20:05:02.814600     734 engine.go:171] [/emulator/studio-v0 1ded] ExecuteGraphqlRead IntrospectionQuery: succeeded. 
 {"metadata":{"emulator":{"name":"dataconnect"},"message":"I1212 20:05:02.814600     734 engine.go:171] [/emulator/studio-v0 1ded] ExecuteGraphqlRead IntrospectionQuery: succeeded. \n"}}
[info] [Firebase Plugin] Stopping Data Connect toolkit
[warn] ⚠  Data Connect Emulator has exited upon receiving signal: SIGINT 
[debug] [2025-12-12T21:25:21.015Z] [Firebase Plugin] Activating Firebase extension.
[debug] [2025-12-12T21:26:04.299Z] [Firebase Plugin] requireAuthWrapper
[debug] [2025-12-12T21:26:04.340Z] > command requires scopes: ["email","openid","https://www.googleapis.com/auth/cloudplatformprojects.readonly","https://www.googleapis.com/auth/firebase","https://www.googleapis.com/auth/cloud-platform","https://www.googleapis.com/auth/userinfo.email"]
[debug] [2025-12-12T21:26:04.357Z] > authorizing via signed-in user (lumacx@gmail.com)
[debug] [2025-12-12T21:26:04.452Z] Checked if tokens are valid: true, expires at: 1765577544532
[debug] [2025-12-12T21:26:04.469Z] Checked if tokens are valid: true, expires at: 1765577544532
[debug] [2025-12-12T21:26:04.483Z] [Firebase Plugin] User found:  lumacx@gmail.com
[info] [Firebase Plugin] (Core:Project) New user detected, fetching projects
[debug] [2025-12-12T21:26:04.626Z] Checked if tokens are valid: true, expires at: 1765577544532
[debug] [2025-12-12T21:26:04.691Z] >>> [apiv2][query] GET https://firebase.googleapis.com/v1beta1/projects pageSize=1000
[debug] [2025-12-12T21:26:05.451Z] [Firebase Plugin] VSCode notification server listening on port 40001
[debug] [2025-12-12T21:26:11.144Z] <<< [apiv2][status] GET https://firebase.googleapis.com/v1beta1/projects 200
[debug] [2025-12-12T21:26:11.146Z] <<< [apiv2][body] GET https://firebase.googleapis.com/v1beta1/projects [omitted]
[info] [Firebase Plugin] Starting Data Connect toolkit (version 3.0.0) on port 50001
[info] i  dataconnect: downloading dataconnect-emulator-3.0.0... {"metadata":{"emulator":{"name":"dataconnect"},"message":"downloading dataconnect-emulator-3.0.0..."}}
[debug] [2025-12-12T21:28:48.379Z] >>> [apiv2][query] GET https://storage.googleapis.com/firemat-preview-drop/emulator/dataconnect-emulator-linux-amd64-v3.0.0 
[debug] [2025-12-12T21:28:48.677Z] <<< [apiv2][status] GET https://storage.googleapis.com/firemat-preview-drop/emulator/dataconnect-emulator-linux-amd64-v3.0.0 200
[debug] [2025-12-12T21:28:48.678Z] <<< [apiv2][body] GET https://storage.googleapis.com/firemat-preview-drop/emulator/dataconnect-emulator-linux-amd64-v3.0.0 [stream]
[info] i  dataconnect: Removing outdated emulator files: dataconnect-emulator-2.17.0 {"metadata":{"emulator":{"name":"dataconnect"},"message":"Removing outdated emulator files: dataconnect-emulator-2.17.0"}}
[debug] [2025-12-12T21:28:50.604Z] I1212 21:28:50.394498   20337 control.go:94] [/emulator/studio-v0 5e86] UpdateResources(): done
Main schema: sources: schema/schema.gql [3721B] 
Connector "default": sources: connector/mutations.gql [3182B] connector/queries.gql [2742B] 
 {"metadata":{"emulator":{"name":"dataconnect"},"message":"I1212 21:28:50.394498   20337 control.go:94] [/emulator/studio-v0 5e86] UpdateResources(): done\nMain schema: sources: schema/schema.gql [3721B] \nConnector \"default\": sources: connector/mutations.gql [3182B] connector/queries.gql [2742B] \n"}}
[debug] [2025-12-12T21:28:50.607Z] Ignoring unsupported arg: auto_download {"metadata":{"emulator":{"name":"dataconnect"},"message":"Ignoring unsupported arg: auto_download"}}
[debug] [2025-12-12T21:28:50.607Z] Ignoring unsupported arg: port {"metadata":{"emulator":{"name":"dataconnect"},"message":"Ignoring unsupported arg: port"}}
[debug] [2025-12-12T21:28:50.608Z] Starting Data Connect Emulator with command {"binary":"/home/user/.cache/firebase/emulators/dataconnect-emulator-3.0.0","args":["--logtostderr","-v=2","dev","--listen=localhost:50001","--config_dir=/home/user/studio/dataconnect","--enable_output_schema_extensions=true","--enable_output_generated_sdk=true"],"optionalArgs":["listen","config_dir","enable_output_schema_extensions","enable_output_generated_sdk"],"joinArgs":true,"shell":false,"port":9399} {"metadata":{"emulator":{"name":"dataconnect"},"message":"Starting Data Connect Emulator with command {\"binary\":\"/home/user/.cache/firebase/emulators/dataconnect-emulator-3.0.0\",\"args\":[\"--logtostderr\",\"-v=2\",\"dev\",\"--listen=localhost:50001\",\"--config_dir=/home/user/studio/dataconnect\",\"--enable_output_schema_extensions=true\",\"--enable_output_generated_sdk=true\"],\"optionalArgs\":[\"listen\",\"config_dir\",\"enable_output_schema_extensions\",\"enable_output_generated_sdk\"],\"joinArgs\":true,\"shell\":false,\"port\":9399}"}}
[info] i  dataconnect: Data Connect Emulator logging to dataconnect-debug.log {"metadata":{"emulator":{"name":"dataconnect"},"message":"Data Connect Emulator logging to dataconnect-debug.log"}}
[debug] [2025-12-12T21:28:50.664Z] I1212 21:28:50.656363   20342 load.go:31] Reloading schema and connectors...
 {"metadata":{"emulator":{"name":"dataconnect"},"message":"I1212 21:28:50.656363   20342 load.go:31] Reloading schema and connectors...\n"}}
[debug] [2025-12-12T21:28:50.832Z] I1212 21:28:50.832550   20342 control.go:94] [/emulator/studio-v0 80ec] UpdateResources(): done
Main schema: sources: schema/schema.gql [3721B] 
Connector "default": sources: connector/mutations.gql [3182B] connector/queries.gql [2742B] 
 {"metadata":{"emulator":{"name":"dataconnect"},"message":"I1212 21:28:50.832550   20342 control.go:94] [/emulator/studio-v0 80ec] UpdateResources(): done\nMain schema: sources: schema/schema.gql [3721B] \nConnector \"default\": sources: connector/mutations.gql [3182B] connector/queries.gql [2742B] \n"}}
[debug] [2025-12-12T21:28:50.983Z] I1212 21:28:50.982779   20342 codegen.go:80] [connector "default" javascriptSdk] Generating sources into "/home/user/studio/dataconnect-generated/js/default-connector"
 {"metadata":{"emulator":{"name":"dataconnect"},"message":"I1212 21:28:50.982779   20342 codegen.go:80] [connector \"default\" javascriptSdk] Generating sources into \"/home/user/studio/dataconnect-generated/js/default-connector\"\n"}}
[debug] [2025-12-12T21:28:51.040Z] I1212 21:28:51.040257   20342 collector.go:107] schema extensions wrote into "/home/user/studio/dataconnect/.dataconnect/schema"
Generated sources: main/input.gql [122168B] main/relation.gql [51784B] main/query.gql [15655B] prelude.gql [73219B] main/mutation.gql [41655B] main/implicit.gql [3267B] 
 {"metadata":{"emulator":{"name":"dataconnect"},"message":"I1212 21:28:51.040257   20342 collector.go:107] schema extensions wrote into \"/home/user/studio/dataconnect/.dataconnect/schema\"\nGenerated sources: main/input.gql [122168B] main/relation.gql [51784B] main/query.gql [15655B] prelude.gql [73219B] main/mutation.gql [41655B] main/implicit.gql [3267B] \n"}}
[debug] [2025-12-12T21:28:51.052Z] I1212 21:28:51.051858   20342 collector.go:107] connector "default" javascriptSdk wrote into "/home/user/studio/dataconnect-generated/js/default-connector"
Generated sources: package.json [871B] README.md [116341B] react/package.json [468B] react/esm/package.json [17B] react/index.cjs.js [9597B] .guides/usage.md [4176B] index.d.ts [24807B] esm/package.json [17B] react/index.d.ts [12119B] react/README.md [119856B] .guides/config.json [236B] esm/index.esm.js [10374B] .guides/setup.md [1690B] index.cjs.js [12004B] react/esm/index.esm.js [9027B] 
 {"metadata":{"emulator":{"name":"dataconnect"},"message":"I1212 21:28:51.051858   20342 collector.go:107] connector \"default\" javascriptSdk wrote into \"/home/user/studio/dataconnect-generated/js/default-connector\"\nGenerated sources: package.json [871B] README.md [116341B] react/package.json [468B] react/esm/package.json [17B] react/index.cjs.js [9597B] .guides/usage.md [4176B] index.d.ts [24807B] esm/package.json [17B] react/index.d.ts [12119B] react/README.md [119856B] .guides/config.json [236B] esm/index.esm.js [10374B] .guides/setup.md [1690B] index.cjs.js [12004B] react/esm/index.esm.js [9027B] \n"}}
[debug] [2025-12-12T21:28:51.158Z] I1212 21:28:51.158424   20342 installsdk.go:55] Package @firebasegen/default-connector is already installed. Skipping installation
I1212 21:28:51.158511   20342 load.go:109] Finished reloading
 {"metadata":{"emulator":{"name":"dataconnect"},"message":"I1212 21:28:51.158424   20342 installsdk.go:55] Package @firebasegen/default-connector is already installed. Skipping installation\nI1212 21:28:51.158511   20342 load.go:109] Finished reloading\n"}}
[debug] [2025-12-12T21:28:51.212Z] I1212 21:28:51.212174   20342 dev.go:104] Listening on address (HTTP + gRPC): 127.0.0.1:50001
 {"metadata":{"emulator":{"name":"dataconnect"},"message":"I1212 21:28:51.212174   20342 dev.go:104] Listening on address (HTTP + gRPC): 127.0.0.1:50001\n"}}
[debug] [2025-12-12T21:28:51.335Z] I1212 21:28:51.334859   20342 engine.go:179] [/emulator/studio-v0 80ec] ExecuteGraphqlRead IntrospectionQuery: succeeded. 
 {"metadata":{"emulator":{"name":"dataconnect"},"message":"I1212 21:28:51.334859   20342 engine.go:179] [/emulator/studio-v0 80ec] ExecuteGraphqlRead IntrospectionQuery: succeeded. \n"}}
[debug] [2025-12-13T04:03:18.360Z] [Firebase Plugin] Activating Firebase extension.
[debug] [2025-12-13T04:03:44.956Z] [Firebase Plugin] requireAuthWrapper
[debug] [2025-12-13T04:03:44.961Z] > command requires scopes: ["email","openid","https://www.googleapis.com/auth/cloudplatformprojects.readonly","https://www.googleapis.com/auth/firebase","https://www.googleapis.com/auth/cloud-platform","https://www.googleapis.com/auth/userinfo.email"]
[debug] [2025-12-13T04:03:44.964Z] > authorizing via signed-in user (lumacx@gmail.com)
[debug] [2025-12-13T04:03:44.981Z] Checked if tokens are valid: false, expires at: 1765585898699
[debug] [2025-12-13T04:03:44.982Z] Checked if tokens are valid: false, expires at: 1765585898699
[debug] [2025-12-13T04:03:44.985Z] > refreshing access token with scopes: []
[debug] [2025-12-13T04:03:44.995Z] >>> [apiv2][query] POST https://www.googleapis.com/oauth2/v3/token [none]
[debug] [2025-12-13T04:03:44.998Z] >>> [apiv2][body] POST https://www.googleapis.com/oauth2/v3/token [omitted]
[debug] [2025-12-13T04:03:45.197Z] [Firebase Plugin] VSCode notification server listening on port 40001
[debug] [2025-12-13T04:03:45.592Z] <<< [apiv2][status] POST https://www.googleapis.com/oauth2/v3/token 200
[debug] [2025-12-13T04:03:45.594Z] <<< [apiv2][body] POST https://www.googleapis.com/oauth2/v3/token [omitted]
[debug] [2025-12-13T04:03:45.644Z] [Firebase Plugin] User found:  lumacx@gmail.com
[info] [Firebase Plugin] (Core:Project) New user detected, fetching projects
[debug] [2025-12-13T04:03:45.650Z] Checked if tokens are valid: true, expires at: 1765602224597
[debug] [2025-12-13T04:03:45.652Z] >>> [apiv2][query] GET https://firebase.googleapis.com/v1beta1/projects pageSize=1000
[info] [Firebase Plugin] Starting Data Connect toolkit (version 3.0.0) on port 50001
[debug] [2025-12-13T04:03:51.754Z] I1213 04:03:51.534329     636 control.go:94] [/emulator/studio-v0 d17e] UpdateResources(): done
Main schema: sources: schema/schema.gql [3721B] 
Connector "default": sources: connector/mutations.gql [3182B] connector/queries.gql [2742B] 
 {"metadata":{"emulator":{"name":"dataconnect"},"message":"I1213 04:03:51.534329     636 control.go:94] [/emulator/studio-v0 d17e] UpdateResources(): done\nMain schema: sources: schema/schema.gql [3721B] \nConnector \"default\": sources: connector/mutations.gql [3182B] connector/queries.gql [2742B] \n"}}
[debug] [2025-12-13T04:03:51.757Z] Ignoring unsupported arg: auto_download {"metadata":{"emulator":{"name":"dataconnect"},"message":"Ignoring unsupported arg: auto_download"}}
[debug] [2025-12-13T04:03:51.758Z] Ignoring unsupported arg: port {"metadata":{"emulator":{"name":"dataconnect"},"message":"Ignoring unsupported arg: port"}}
[debug] [2025-12-13T04:03:51.759Z] Starting Data Connect Emulator with command {"binary":"/home/user/.cache/firebase/emulators/dataconnect-emulator-3.0.0","args":["--logtostderr","-v=2","dev","--listen=localhost:50001","--config_dir=/home/user/studio/dataconnect","--enable_output_schema_extensions=true","--enable_output_generated_sdk=true"],"optionalArgs":["listen","config_dir","enable_output_schema_extensions","enable_output_generated_sdk"],"joinArgs":true,"shell":false,"port":9399} {"metadata":{"emulator":{"name":"dataconnect"},"message":"Starting Data Connect Emulator with command {\"binary\":\"/home/user/.cache/firebase/emulators/dataconnect-emulator-3.0.0\",\"args\":[\"--logtostderr\",\"-v=2\",\"dev\",\"--listen=localhost:50001\",\"--config_dir=/home/user/studio/dataconnect\",\"--enable_output_schema_extensions=true\",\"--enable_output_generated_sdk=true\"],\"optionalArgs\":[\"listen\",\"config_dir\",\"enable_output_schema_extensions\",\"enable_output_generated_sdk\"],\"joinArgs\":true,\"shell\":false,\"port\":9399}"}}
[info] i  dataconnect: Data Connect Emulator logging to dataconnect-debug.log {"metadata":{"emulator":{"name":"dataconnect"},"message":"Data Connect Emulator logging to dataconnect-debug.log"}}
[debug] [2025-12-13T04:03:52.034Z] I1213 04:03:51.846485     641 load.go:31] Reloading schema and connectors...
 {"metadata":{"emulator":{"name":"dataconnect"},"message":"I1213 04:03:51.846485     641 load.go:31] Reloading schema and connectors...\n"}}
[debug] [2025-12-13T04:03:52.643Z] I1213 04:03:52.468556     641 control.go:94] [/emulator/studio-v0 5641] UpdateResources(): done
Main schema: sources: schema/schema.gql [3721B] 
Connector "default": sources: connector/mutations.gql [3182B] connector/queries.gql [2742B] 
 {"metadata":{"emulator":{"name":"dataconnect"},"message":"I1213 04:03:52.468556     641 control.go:94] [/emulator/studio-v0 5641] UpdateResources(): done\nMain schema: sources: schema/schema.gql [3721B] \nConnector \"default\": sources: connector/mutations.gql [3182B] connector/queries.gql [2742B] \n"}}
[debug] [2025-12-13T04:03:52.674Z] <<< [apiv2][status] GET https://firebase.googleapis.com/v1beta1/projects 200
[debug] [2025-12-13T04:03:52.675Z] <<< [apiv2][body] GET https://firebase.googleapis.com/v1beta1/projects [omitted]
[debug] [2025-12-13T04:03:53.229Z] I1213 04:03:53.150150     641 codegen.go:80] [connector "default" javascriptSdk] Generating sources into "/home/user/studio/dataconnect-generated/js/default-connector"
 {"metadata":{"emulator":{"name":"dataconnect"},"message":"I1213 04:03:53.150150     641 codegen.go:80] [connector \"default\" javascriptSdk] Generating sources into \"/home/user/studio/dataconnect-generated/js/default-connector\"\n"}}
[debug] [2025-12-13T04:03:53.452Z] I1213 04:03:53.387253     641 collector.go:107] schema extensions wrote into "/home/user/studio/dataconnect/.dataconnect/schema"
Generated sources: main/input.gql [122168B] main/relation.gql [51784B] main/query.gql [15655B] main/mutation.gql [41655B] main/implicit.gql [3267B] prelude.gql [73219B] 
 {"metadata":{"emulator":{"name":"dataconnect"},"message":"I1213 04:03:53.387253     641 collector.go:107] schema extensions wrote into \"/home/user/studio/dataconnect/.dataconnect/schema\"\nGenerated sources: main/input.gql [122168B] main/relation.gql [51784B] main/query.gql [15655B] main/mutation.gql [41655B] main/implicit.gql [3267B] prelude.gql [73219B] \n"}}
[debug] [2025-12-13T04:03:53.490Z] I1213 04:03:53.489452     641 collector.go:107] connector "default" javascriptSdk wrote into "/home/user/studio/dataconnect-generated/js/default-connector"
Generated sources: .guides/setup.md [1690B] index.d.ts [24807B] index.cjs.js [12004B] package.json [871B] react/esm/package.json [17B] react/README.md [119856B] .guides/config.json [236B] README.md [116341B] react/index.d.ts [12119B] react/esm/index.esm.js [9027B] .guides/usage.md [4620B] esm/index.esm.js [10374B] esm/package.json [17B] react/index.cjs.js [9597B] react/package.json [468B] 
 {"metadata":{"emulator":{"name":"dataconnect"},"message":"I1213 04:03:53.489452     641 collector.go:107] connector \"default\" javascriptSdk wrote into \"/home/user/studio/dataconnect-generated/js/default-connector\"\nGenerated sources: .guides/setup.md [1690B] index.d.ts [24807B] index.cjs.js [12004B] package.json [871B] react/esm/package.json [17B] react/README.md [119856B] .guides/config.json [236B] README.md [116341B] react/index.d.ts [12119B] react/esm/index.esm.js [9027B] .guides/usage.md [4620B] esm/index.esm.js [10374B] esm/package.json [17B] react/index.cjs.js [9597B] react/package.json [468B] \n"}}
[debug] [2025-12-13T04:03:53.659Z] I1213 04:03:53.658340     641 installsdk.go:55] Package @firebasegen/default-connector is already installed. Skipping installation
I1213 04:03:53.658418     641 load.go:109] Finished reloading
 {"metadata":{"emulator":{"name":"dataconnect"},"message":"I1213 04:03:53.658340     641 installsdk.go:55] Package @firebasegen/default-connector is already installed. Skipping installation\nI1213 04:03:53.658418     641 load.go:109] Finished reloading\n"}}
[debug] [2025-12-13T04:03:53.695Z] I1213 04:03:53.688512     641 dev.go:104] Listening on address (HTTP + gRPC): 127.0.0.1:50001
 {"metadata":{"emulator":{"name":"dataconnect"},"message":"I1213 04:03:53.688512     641 dev.go:104] Listening on address (HTTP + gRPC): 127.0.0.1:50001\n"}}
[debug] [2025-12-13T04:03:54.132Z] I1213 04:03:54.132363     641 engine.go:179] [/emulator/studio-v0 5641] ExecuteGraphqlRead IntrospectionQuery: succeeded. 
 {"metadata":{"emulator":{"name":"dataconnect"},"message":"I1213 04:03:54.132363     641 engine.go:179] [/emulator/studio-v0 5641] ExecuteGraphqlRead IntrospectionQuery: succeeded. \n"}}
[debug] [2026-01-12T17:36:32.452Z] [Firebase Plugin] Activating Firebase extension.
[debug] [2026-01-12T17:37:23.900Z] [Firebase Plugin] requireAuthWrapper
[debug] [2026-01-12T17:37:23.906Z] > command requires scopes: ["email","openid","https://www.googleapis.com/auth/cloudplatformprojects.readonly","https://www.googleapis.com/auth/firebase","https://www.googleapis.com/auth/cloud-platform","https://www.googleapis.com/auth/userinfo.email"]
[debug] [2026-01-12T17:37:23.907Z] > authorizing via signed-in user (lumacx@gmail.com)
[debug] [2026-01-12T17:37:23.921Z] Checked if tokens are valid: false, expires at: 1765602224597
[debug] [2026-01-12T17:37:23.922Z] Checked if tokens are valid: false, expires at: 1765602224597
[debug] [2026-01-12T17:37:23.925Z] > refreshing access token with scopes: []
[debug] [2026-01-12T17:37:23.934Z] >>> [apiv2][query] POST https://www.googleapis.com/oauth2/v3/token [none]
[debug] [2026-01-12T17:37:23.936Z] >>> [apiv2][body] POST https://www.googleapis.com/oauth2/v3/token [omitted]
[debug] [2026-01-12T17:37:24.110Z] [Firebase Plugin] VSCode notification server listening on port 40001
[debug] [2026-01-12T17:37:24.436Z] <<< [apiv2][status] POST https://www.googleapis.com/oauth2/v3/token 200
[debug] [2026-01-12T17:37:24.437Z] <<< [apiv2][body] POST https://www.googleapis.com/oauth2/v3/token [omitted]
[debug] [2026-01-12T17:37:24.468Z] [Firebase Plugin] User found:  lumacx@gmail.com
[info] [Firebase Plugin] (Core:Project) New user detected, fetching projects
[debug] [2026-01-12T17:37:24.473Z] Checked if tokens are valid: true, expires at: 1768243043440
[debug] [2026-01-12T17:37:24.478Z] >>> [apiv2][query] GET https://firebase.googleapis.com/v1beta1/projects pageSize=1000
[debug] [2026-01-12T17:37:24.961Z] <<< [apiv2][status] GET https://firebase.googleapis.com/v1beta1/projects 200
[debug] [2026-01-12T17:37:24.963Z] <<< [apiv2][body] GET https://firebase.googleapis.com/v1beta1/projects [omitted]
[info] [Firebase Plugin] Starting Data Connect toolkit (version 3.0.0) on port 50001
[debug] [2026-01-12T17:37:28.684Z] I0112 17:37:28.468426     591 control.go:94] [/emulator/studio-v0 37d1] UpdateResources(): done
Main schema: sources: schema/schema.gql [3721B] 
Connector "default": sources: connector/mutations.gql [3182B] connector/queries.gql [2742B] 
 {"metadata":{"emulator":{"name":"dataconnect"},"message":"I0112 17:37:28.468426     591 control.go:94] [/emulator/studio-v0 37d1] UpdateResources(): done\nMain schema: sources: schema/schema.gql [3721B] \nConnector \"default\": sources: connector/mutations.gql [3182B] connector/queries.gql [2742B] \n"}}
[debug] [2026-01-12T17:37:28.690Z] Ignoring unsupported arg: auto_download {"metadata":{"emulator":{"name":"dataconnect"},"message":"Ignoring unsupported arg: auto_download"}}
[debug] [2026-01-12T17:37:28.692Z] Ignoring unsupported arg: port {"metadata":{"emulator":{"name":"dataconnect"},"message":"Ignoring unsupported arg: port"}}
[debug] [2026-01-12T17:37:28.693Z] Starting Data Connect Emulator with command {"binary":"/home/user/.cache/firebase/emulators/dataconnect-emulator-3.0.0","args":["--logtostderr","-v=2","dev","--listen=localhost:50001","--config_dir=/home/user/studio/dataconnect","--enable_output_schema_extensions=true","--enable_output_generated_sdk=true"],"optionalArgs":["listen","config_dir","enable_output_schema_extensions","enable_output_generated_sdk"],"joinArgs":true,"shell":false,"port":9399} {"metadata":{"emulator":{"name":"dataconnect"},"message":"Starting Data Connect Emulator with command {\"binary\":\"/home/user/.cache/firebase/emulators/dataconnect-emulator-3.0.0\",\"args\":[\"--logtostderr\",\"-v=2\",\"dev\",\"--listen=localhost:50001\",\"--config_dir=/home/user/studio/dataconnect\",\"--enable_output_schema_extensions=true\",\"--enable_output_generated_sdk=true\"],\"optionalArgs\":[\"listen\",\"config_dir\",\"enable_output_schema_extensions\",\"enable_output_generated_sdk\"],\"joinArgs\":true,\"shell\":false,\"port\":9399}"}}
[info] i  dataconnect: Data Connect Emulator logging to dataconnect-debug.log {"metadata":{"emulator":{"name":"dataconnect"},"message":"Data Connect Emulator logging to dataconnect-debug.log"}}
[debug] [2026-01-12T17:37:29.225Z] I0112 17:37:28.784139     596 load.go:31] Reloading schema and connectors...
 {"metadata":{"emulator":{"name":"dataconnect"},"message":"I0112 17:37:28.784139     596 load.go:31] Reloading schema and connectors...\n"}}
[debug] [2026-01-12T17:37:29.385Z] I0112 17:37:29.301319     596 control.go:94] [/emulator/studio-v0 02bc] UpdateResources(): done
Main schema: sources: schema/schema.gql [3721B] 
Connector "default": sources: connector/mutations.gql [3182B] connector/queries.gql [2742B] 
 {"metadata":{"emulator":{"name":"dataconnect"},"message":"I0112 17:37:29.301319     596 control.go:94] [/emulator/studio-v0 02bc] UpdateResources(): done\nMain schema: sources: schema/schema.gql [3721B] \nConnector \"default\": sources: connector/mutations.gql [3182B] connector/queries.gql [2742B] \n"}}
[debug] [2026-01-12T17:37:29.936Z] I0112 17:37:29.876359     596 codegen.go:80] [connector "default" javascriptSdk] Generating sources into "/home/user/studio/dataconnect-generated/js/default-connector"
 {"metadata":{"emulator":{"name":"dataconnect"},"message":"I0112 17:37:29.876359     596 codegen.go:80] [connector \"default\" javascriptSdk] Generating sources into \"/home/user/studio/dataconnect-generated/js/default-connector\"\n"}}
[debug] [2026-01-12T17:37:30.315Z] I0112 17:37:30.113575     596 collector.go:107] schema extensions wrote into "/home/user/studio/dataconnect/.dataconnect/schema"
Generated sources: prelude.gql [73219B] main/query.gql [15655B] main/mutation.gql [41655B] main/implicit.gql [3267B] main/input.gql [122168B] main/relation.gql [51784B] 
I0112 17:37:30.130286     596 collector.go:107] connector "default" javascriptSdk wrote into "/home/user/studio/dataconnect-generated/js/default-connector"
Generated sources: react/package.json [468B] react/esm/package.json [17B] .guides/usage.md [4620B] .guides/config.json [236B] index.d.ts [24807B] package.json [871B] .guides/setup.md [1690B] esm/index.esm.js [10374B] react/index.cjs.js [9597B] react/README.md [119856B] index.cjs.js [12004B] react/index.d.ts [12119B] react/esm/index.esm.js [9027B] esm/package.json [17B] README.md [116341B] 
I0112 17:37:30.178186     596 installsdk.go:55] Package @firebasegen/default-connector is already installed. Skipping installation
I0112 17:37:30.178353     596 load.go:109] Finished reloading
I0112 17:37:30.204820     596 dev.go:104] Listening on address (HTTP + gRPC): 127.0.0.1:50001
 {"metadata":{"emulator":{"name":"dataconnect"},"message":"I0112 17:37:30.113575     596 collector.go:107] schema extensions wrote into \"/home/user/studio/dataconnect/.dataconnect/schema\"\nGenerated sources: prelude.gql [73219B] main/query.gql [15655B] main/mutation.gql [41655B] main/implicit.gql [3267B] main/input.gql [122168B] main/relation.gql [51784B] \nI0112 17:37:30.130286     596 collector.go:107] connector \"default\" javascriptSdk wrote into \"/home/user/studio/dataconnect-generated/js/default-connector\"\nGenerated sources: react/package.json [468B] react/esm/package.json [17B] .guides/usage.md [4620B] .guides/config.json [236B] index.d.ts [24807B] package.json [871B] .guides/setup.md [1690B] esm/index.esm.js [10374B] react/index.cjs.js [9597B] react/README.md [119856B] index.cjs.js [12004B] react/index.d.ts [12119B] react/esm/index.esm.js [9027B] esm/package.json [17B] README.md [116341B] \nI0112 17:37:30.178186     596 installsdk.go:55] Package @firebasegen/default-connector is already installed. Skipping installation\nI0112 17:37:30.178353     596 load.go:109] Finished reloading\nI0112 17:37:30.204820     596 dev.go:104] Listening on address (HTTP + gRPC): 127.0.0.1:50001\n"}}
[debug] [2026-01-12T17:37:31.112Z] I0112 17:37:30.807230     596 engine.go:179] [/emulator/studio-v0 02bc] ExecuteGraphqlRead IntrospectionQuery: succeeded. 
 {"metadata":{"emulator":{"name":"dataconnect"},"message":"I0112 17:37:30.807230     596 engine.go:179] [/emulator/studio-v0 02bc] ExecuteGraphqlRead IntrospectionQuery: succeeded. \n"}}
[info] [Firebase Plugin] Stopping Data Connect toolkit
[warn] ⚠  Data Connect Emulator has exited upon receiving signal: SIGINT 
[debug] [2026-01-12T18:37:35.433Z] [Firebase Plugin] Activating Firebase extension.
[debug] [2026-01-12T18:37:47.285Z] [Firebase Plugin] requireAuthWrapper
[debug] [2026-01-12T18:37:47.288Z] > command requires scopes: ["email","openid","https://www.googleapis.com/auth/cloudplatformprojects.readonly","https://www.googleapis.com/auth/firebase","https://www.googleapis.com/auth/cloud-platform","https://www.googleapis.com/auth/userinfo.email"]
[debug] [2026-01-12T18:37:47.290Z] > authorizing via signed-in user (lumacx@gmail.com)
[debug] [2026-01-12T18:37:47.296Z] Checked if tokens are valid: false, expires at: 1768243043440
[debug] [2026-01-12T18:37:47.297Z] Checked if tokens are valid: false, expires at: 1768243043440
[debug] [2026-01-12T18:37:47.298Z] > refreshing access token with scopes: []
[debug] [2026-01-12T18:37:47.302Z] >>> [apiv2][query] POST https://www.googleapis.com/oauth2/v3/token [none]
[debug] [2026-01-12T18:37:47.302Z] >>> [apiv2][body] POST https://www.googleapis.com/oauth2/v3/token [omitted]
[debug] [2026-01-12T18:37:47.379Z] [Firebase Plugin] VSCode notification server listening on port 40001
[debug] [2026-01-12T18:37:51.045Z] <<< [apiv2][status] POST https://www.googleapis.com/oauth2/v3/token 200
[debug] [2026-01-12T18:37:51.047Z] <<< [apiv2][body] POST https://www.googleapis.com/oauth2/v3/token [omitted]
[debug] [2026-01-12T18:37:51.081Z] [Firebase Plugin] User found:  lumacx@gmail.com
[info] [Firebase Plugin] (Core:Project) New user detected, fetching projects
[debug] [2026-01-12T18:37:51.088Z] Checked if tokens are valid: true, expires at: 1768246670047
[debug] [2026-01-12T18:37:51.102Z] >>> [apiv2][query] GET https://firebase.googleapis.com/v1beta1/projects pageSize=1000
[debug] [2026-01-12T18:37:51.597Z] <<< [apiv2][status] GET https://firebase.googleapis.com/v1beta1/projects 200
[debug] [2026-01-12T18:37:51.598Z] <<< [apiv2][body] GET https://firebase.googleapis.com/v1beta1/projects [omitted]
[info] [Firebase Plugin] Starting Data Connect toolkit (version 3.0.0) on port 50001
[debug] [2026-01-12T18:37:57.854Z] I0112 18:37:57.510043   12228 control.go:94] [/emulator/studio-v0 a798] UpdateResources(): done
Main schema: sources: schema/schema.gql [3721B] 
Connector "default": sources: connector/mutations.gql [3182B] connector/queries.gql [2742B] 
 {"metadata":{"emulator":{"name":"dataconnect"},"message":"I0112 18:37:57.510043   12228 control.go:94] [/emulator/studio-v0 a798] UpdateResources(): done\nMain schema: sources: schema/schema.gql [3721B] \nConnector \"default\": sources: connector/mutations.gql [3182B] connector/queries.gql [2742B] \n"}}
[debug] [2026-01-12T18:37:57.860Z] Ignoring unsupported arg: auto_download {"metadata":{"emulator":{"name":"dataconnect"},"message":"Ignoring unsupported arg: auto_download"}}
[debug] [2026-01-12T18:37:57.861Z] Ignoring unsupported arg: port {"metadata":{"emulator":{"name":"dataconnect"},"message":"Ignoring unsupported arg: port"}}
[debug] [2026-01-12T18:37:57.868Z] Starting Data Connect Emulator with command {"binary":"/home/user/.cache/firebase/emulators/dataconnect-emulator-3.0.0","args":["--logtostderr","-v=2","dev","--listen=localhost:50001","--config_dir=/home/user/studio/dataconnect","--enable_output_schema_extensions=true","--enable_output_generated_sdk=true"],"optionalArgs":["listen","config_dir","enable_output_schema_extensions","enable_output_generated_sdk"],"joinArgs":true,"shell":false,"port":9399} {"metadata":{"emulator":{"name":"dataconnect"},"message":"Starting Data Connect Emulator with command {\"binary\":\"/home/user/.cache/firebase/emulators/dataconnect-emulator-3.0.0\",\"args\":[\"--logtostderr\",\"-v=2\",\"dev\",\"--listen=localhost:50001\",\"--config_dir=/home/user/studio/dataconnect\",\"--enable_output_schema_extensions=true\",\"--enable_output_generated_sdk=true\"],\"optionalArgs\":[\"listen\",\"config_dir\",\"enable_output_schema_extensions\",\"enable_output_generated_sdk\"],\"joinArgs\":true,\"shell\":false,\"port\":9399}"}}
[info] i  dataconnect: Data Connect Emulator logging to dataconnect-debug.log {"metadata":{"emulator":{"name":"dataconnect"},"message":"Data Connect Emulator logging to dataconnect-debug.log"}}
[debug] [2026-01-12T18:37:59.104Z] I0112 18:37:58.002712   12233 load.go:31] Reloading schema and connectors...
I0112 18:37:58.658073   12233 control.go:94] [/emulator/studio-v0 9573] UpdateResources(): done
Main schema: sources: schema/schema.gql [3721B] 
Connector "default": sources: connector/mutations.gql [3182B] connector/queries.gql [2742B] 
 {"metadata":{"emulator":{"name":"dataconnect"},"message":"I0112 18:37:58.002712   12233 load.go:31] Reloading schema and connectors...\nI0112 18:37:58.658073   12233 control.go:94] [/emulator/studio-v0 9573] UpdateResources(): done\nMain schema: sources: schema/schema.gql [3721B] \nConnector \"default\": sources: connector/mutations.gql [3182B] connector/queries.gql [2742B] \n"}}
[debug] [2026-01-12T18:38:00.677Z] I0112 18:37:59.471027   12233 codegen.go:80] [connector "default" javascriptSdk] Generating sources into "/home/user/studio/dataconnect-generated/js/default-connector"
I0112 18:37:59.754378   12233 collector.go:107] schema extensions wrote into "/home/user/studio/dataconnect/.dataconnect/schema"
Generated sources: main/input.gql [122168B] main/relation.gql [51784B] main/query.gql [15655B] main/mutation.gql [41655B] prelude.gql [73219B] main/implicit.gql [3267B] 
I0112 18:37:59.773396   12233 collector.go:107] connector "default" javascriptSdk wrote into "/home/user/studio/dataconnect-generated/js/default-connector"
Generated sources: .guides/setup.md [1690B] esm/index.esm.js [10374B] react/esm/package.json [17B] react/index.cjs.js [9597B] react/package.json [468B] .guides/config.json [236B] react/README.md [119856B] index.d.ts [24807B] esm/package.json [17B] package.json [871B] README.md [116341B] react/esm/index.esm.js [9027B] index.cjs.js [12004B] react/index.d.ts [12119B] .guides/usage.md [4620B] 
I0112 18:37:59.839115   12233 installsdk.go:55] Package @firebasegen/default-connector is already installed. Skipping installation
I0112 18:37:59.839244   12233 load.go:109] Finished reloading
I0112 18:37:59.912922   12233 dev.go:104] Listening on address (HTTP + gRPC): 127.0.0.1:50001
 {"metadata":{"emulator":{"name":"dataconnect"},"message":"I0112 18:37:59.471027   12233 codegen.go:80] [connector \"default\" javascriptSdk] Generating sources into \"/home/user/studio/dataconnect-generated/js/default-connector\"\nI0112 18:37:59.754378   12233 collector.go:107] schema extensions wrote into \"/home/user/studio/dataconnect/.dataconnect/schema\"\nGenerated sources: main/input.gql [122168B] main/relation.gql [51784B] main/query.gql [15655B] main/mutation.gql [41655B] prelude.gql [73219B] main/implicit.gql [3267B] \nI0112 18:37:59.773396   12233 collector.go:107] connector \"default\" javascriptSdk wrote into \"/home/user/studio/dataconnect-generated/js/default-connector\"\nGenerated sources: .guides/setup.md [1690B] esm/index.esm.js [10374B] react/esm/package.json [17B] react/index.cjs.js [9597B] react/package.json [468B] .guides/config.json [236B] react/README.md [119856B] index.d.ts [24807B] esm/package.json [17B] package.json [871B] README.md [116341B] react/esm/index.esm.js [9027B] index.cjs.js [12004B] react/index.d.ts [12119B] .guides/usage.md [4620B] \nI0112 18:37:59.839115   12233 installsdk.go:55] Package @firebasegen/default-connector is already installed. Skipping installation\nI0112 18:37:59.839244   12233 load.go:109] Finished reloading\nI0112 18:37:59.912922   12233 dev.go:104] Listening on address (HTTP + gRPC): 127.0.0.1:50001\n"}}
[debug] [2026-01-12T18:38:01.897Z] I0112 18:38:01.630592   12233 engine.go:179] [/emulator/studio-v0 9573] ExecuteGraphqlRead IntrospectionQuery: succeeded. 
 {"metadata":{"emulator":{"name":"dataconnect"},"message":"I0112 18:38:01.630592   12233 engine.go:179] [/emulator/studio-v0 9573] ExecuteGraphqlRead IntrospectionQuery: succeeded. \n"}}
[info] [Firebase Plugin] Stopping Data Connect toolkit
[warn] ⚠  Data Connect Emulator has exited upon receiving signal: SIGINT 
[debug] [2026-02-18T23:43:17.567Z] [Firebase Plugin] Activating Firebase extension.
[debug] [2026-02-18T23:43:32.070Z] [Firebase Plugin] requireAuthWrapper
[debug] [2026-02-18T23:43:32.073Z] > command requires scopes: ["email","openid","https://www.googleapis.com/auth/cloudplatformprojects.readonly","https://www.googleapis.com/auth/firebase","https://www.googleapis.com/auth/cloud-platform","https://www.googleapis.com/auth/userinfo.email"]
[debug] [2026-02-18T23:43:32.074Z] > authorizing via signed-in user (lumacx@gmail.com)
[debug] [2026-02-18T23:43:32.082Z] Checked if tokens are valid: false, expires at: 1768246670047
[debug] [2026-02-18T23:43:32.083Z] Checked if tokens are valid: false, expires at: 1768246670047
[debug] [2026-02-18T23:43:32.084Z] > refreshing access token with scopes: []
[debug] [2026-02-18T23:43:32.089Z] >>> [apiv2][query] POST https://www.googleapis.com/oauth2/v3/token [none]
[debug] [2026-02-18T23:43:32.089Z] >>> [apiv2][body] POST https://www.googleapis.com/oauth2/v3/token [omitted]
[debug] [2026-02-18T23:43:32.210Z] [Firebase Plugin] VSCode notification server listening on port 40001
[debug] [2026-02-18T23:43:32.644Z] <<< [apiv2][status] POST https://www.googleapis.com/oauth2/v3/token 200
[debug] [2026-02-18T23:43:32.645Z] <<< [apiv2][body] POST https://www.googleapis.com/oauth2/v3/token [omitted]
[debug] [2026-02-18T23:43:32.674Z] [Firebase Plugin] User found:  lumacx@gmail.com
[info] [Firebase Plugin] (Core:Project) New user detected, fetching projects
[debug] [2026-02-18T23:43:32.678Z] Checked if tokens are valid: true, expires at: 1771461811646
[debug] [2026-02-18T23:43:32.684Z] >>> [apiv2][query] GET https://firebase.googleapis.com/v1beta1/projects pageSize=1000
[info] [Firebase Plugin] Starting Data Connect toolkit (version 3.0.0) on port 50001
[debug] [2026-02-18T23:43:36.519Z] I0218 23:43:36.363814     553 control.go:94] [/emulator/studio-v0 64c5] UpdateResources(): done
Main schema: sources: schema/schema.gql [3721B] 
Connector "default": sources: connector/mutations.gql [3182B] connector/queries.gql [2742B] 
 {"metadata":{"emulator":{"name":"dataconnect"},"message":"I0218 23:43:36.363814     553 control.go:94] [/emulator/studio-v0 64c5] UpdateResources(): done\nMain schema: sources: schema/schema.gql [3721B] \nConnector \"default\": sources: connector/mutations.gql [3182B] connector/queries.gql [2742B] \n"}}
[debug] [2026-02-18T23:43:36.522Z] Ignoring unsupported arg: auto_download {"metadata":{"emulator":{"name":"dataconnect"},"message":"Ignoring unsupported arg: auto_download"}}
[debug] [2026-02-18T23:43:36.523Z] Ignoring unsupported arg: port {"metadata":{"emulator":{"name":"dataconnect"},"message":"Ignoring unsupported arg: port"}}
[debug] [2026-02-18T23:43:36.524Z] Starting Data Connect Emulator with command {"binary":"/home/user/.cache/firebase/emulators/dataconnect-emulator-3.0.0","args":["--logtostderr","-v=2","dev","--listen=localhost:50001","--config_dir=/home/user/studio/dataconnect","--enable_output_schema_extensions=true","--enable_output_generated_sdk=true"],"optionalArgs":["listen","config_dir","enable_output_schema_extensions","enable_output_generated_sdk"],"joinArgs":true,"shell":false,"port":9399} {"metadata":{"emulator":{"name":"dataconnect"},"message":"Starting Data Connect Emulator with command {\"binary\":\"/home/user/.cache/firebase/emulators/dataconnect-emulator-3.0.0\",\"args\":[\"--logtostderr\",\"-v=2\",\"dev\",\"--listen=localhost:50001\",\"--config_dir=/home/user/studio/dataconnect\",\"--enable_output_schema_extensions=true\",\"--enable_output_generated_sdk=true\"],\"optionalArgs\":[\"listen\",\"config_dir\",\"enable_output_schema_extensions\",\"enable_output_generated_sdk\"],\"joinArgs\":true,\"shell\":false,\"port\":9399}"}}
[info] i  dataconnect: Data Connect Emulator logging to dataconnect-debug.log {"metadata":{"emulator":{"name":"dataconnect"},"message":"Data Connect Emulator logging to dataconnect-debug.log"}}
[debug] [2026-02-18T23:43:36.616Z] I0218 23:43:36.607486     559 load.go:31] Reloading schema and connectors...
 {"metadata":{"emulator":{"name":"dataconnect"},"message":"I0218 23:43:36.607486     559 load.go:31] Reloading schema and connectors...\n"}}
[debug] [2026-02-18T23:43:37.147Z] I0218 23:43:37.136341     559 control.go:94] [/emulator/studio-v0 19ec] UpdateResources(): done
Main schema: sources: schema/schema.gql [3721B] 
Connector "default": sources: connector/mutations.gql [3182B] connector/queries.gql [2742B] 
 {"metadata":{"emulator":{"name":"dataconnect"},"message":"I0218 23:43:37.136341     559 control.go:94] [/emulator/studio-v0 19ec] UpdateResources(): done\nMain schema: sources: schema/schema.gql [3721B] \nConnector \"default\": sources: connector/mutations.gql [3182B] connector/queries.gql [2742B] \n"}}
[debug] [2026-02-18T23:43:37.194Z] <<< [apiv2][status] GET https://firebase.googleapis.com/v1beta1/projects 200
[debug] [2026-02-18T23:43:37.195Z] <<< [apiv2][body] GET https://firebase.googleapis.com/v1beta1/projects [omitted]
[debug] [2026-02-18T23:43:38.209Z] I0218 23:43:37.836969     559 codegen.go:80] [connector "default" javascriptSdk] Generating sources into "/home/user/studio/dataconnect-generated/js/default-connector"
I0218 23:43:38.021803     559 collector.go:107] schema extensions wrote into "/home/user/studio/dataconnect/.dataconnect/schema"
Generated sources: main/implicit.gql [3267B] main/input.gql [122168B] main/relation.gql [51784B] main/query.gql [15655B] main/mutation.gql [41655B] prelude.gql [73219B] 
I0218 23:43:38.065938     559 collector.go:107] connector "default" javascriptSdk wrote into "/home/user/studio/dataconnect-generated/js/default-connector"
Generated sources: react/index.d.ts [12119B] react/esm/package.json [17B] .guides/config.json [236B] esm/index.esm.js [10374B] index.cjs.js [12004B] package.json [871B] README.md [116341B] .guides/usage.md [4176B] index.d.ts [24807B] react/package.json [468B] esm/package.json [17B] react/index.cjs.js [9597B] react/esm/index.esm.js [9027B] react/README.md [119856B] .guides/setup.md [1690B] 
I0218 23:43:38.148266     559 installsdk.go:55] Package @firebasegen/default-connector is already installed. Skipping installation
I0218 23:43:38.148575     559 load.go:109] Finished reloading
I0218 23:43:38.170536     559 dev.go:104] Listening on address (HTTP + gRPC): 127.0.0.1:50001
 {"metadata":{"emulator":{"name":"dataconnect"},"message":"I0218 23:43:37.836969     559 codegen.go:80] [connector \"default\" javascriptSdk] Generating sources into \"/home/user/studio/dataconnect-generated/js/default-connector\"\nI0218 23:43:38.021803     559 collector.go:107] schema extensions wrote into \"/home/user/studio/dataconnect/.dataconnect/schema\"\nGenerated sources: main/implicit.gql [3267B] main/input.gql [122168B] main/relation.gql [51784B] main/query.gql [15655B] main/mutation.gql [41655B] prelude.gql [73219B] \nI0218 23:43:38.065938     559 collector.go:107] connector \"default\" javascriptSdk wrote into \"/home/user/studio/dataconnect-generated/js/default-connector\"\nGenerated sources: react/index.d.ts [12119B] react/esm/package.json [17B] .guides/config.json [236B] esm/index.esm.js [10374B] index.cjs.js [12004B] package.json [871B] README.md [116341B] .guides/usage.md [4176B] index.d.ts [24807B] react/package.json [468B] esm/package.json [17B] react/index.cjs.js [9597B] react/esm/index.esm.js [9027B] react/README.md [119856B] .guides/setup.md [1690B] \nI0218 23:43:38.148266     559 installsdk.go:55] Package @firebasegen/default-connector is already installed. Skipping installation\nI0218 23:43:38.148575     559 load.go:109] Finished reloading\nI0218 23:43:38.170536     559 dev.go:104] Listening on address (HTTP + gRPC): 127.0.0.1:50001\n"}}
[debug] [2026-02-18T23:43:42.717Z] I0218 23:43:40.561080     559 engine.go:179] [/emulator/studio-v0 19ec] ExecuteGraphqlRead IntrospectionQuery: succeeded. 
 {"metadata":{"emulator":{"name":"dataconnect"},"message":"I0218 23:43:40.561080     559 engine.go:179] [/emulator/studio-v0 19ec] ExecuteGraphqlRead IntrospectionQuery: succeeded. \n"}}
[info] [Firebase Plugin] Stopping Data Connect toolkit
[warn] ⚠  Data Connect Emulator has exited upon receiving signal: SIGINT 
[debug] [2026-02-18T23:47:48.786Z] [Firebase Plugin] Activating Firebase extension.
[debug] [2026-02-18T23:48:04.015Z] [Firebase Plugin] requireAuthWrapper
[debug] [2026-02-18T23:48:04.018Z] > command requires scopes: ["email","openid","https://www.googleapis.com/auth/cloudplatformprojects.readonly","https://www.googleapis.com/auth/firebase","https://www.googleapis.com/auth/cloud-platform","https://www.googleapis.com/auth/userinfo.email"]
[debug] [2026-02-18T23:48:04.019Z] > authorizing via signed-in user (lumacx@gmail.com)
[debug] [2026-02-18T23:48:04.027Z] Checked if tokens are valid: true, expires at: 1771461811646
[debug] [2026-02-18T23:48:04.028Z] Checked if tokens are valid: true, expires at: 1771461811646
[debug] [2026-02-18T23:48:04.029Z] [Firebase Plugin] User found:  lumacx@gmail.com
[info] [Firebase Plugin] (Core:Project) New user detected, fetching projects
[debug] [2026-02-18T23:48:04.034Z] Checked if tokens are valid: true, expires at: 1771461811646
[debug] [2026-02-18T23:48:04.039Z] >>> [apiv2][query] GET https://firebase.googleapis.com/v1beta1/projects pageSize=1000
[debug] [2026-02-18T23:48:04.125Z] [Firebase Plugin] VSCode notification server listening on port 40001
[debug] [2026-02-18T23:48:04.923Z] <<< [apiv2][status] GET https://firebase.googleapis.com/v1beta1/projects 200
[debug] [2026-02-18T23:48:04.925Z] <<< [apiv2][body] GET https://firebase.googleapis.com/v1beta1/projects [omitted]
[info] [Firebase Plugin] Starting Data Connect toolkit (version 3.1.1) on port 50001
[info] i  dataconnect: downloading dataconnect-emulator-3.1.1... {"metadata":{"emulator":{"name":"dataconnect"},"message":"downloading dataconnect-emulator-3.1.1..."}}
[debug] [2026-02-18T23:48:06.218Z] >>> [apiv2][query] GET https://storage.googleapis.com/firemat-preview-drop/emulator/dataconnect-emulator-linux-amd64-v3.1.1 
[debug] [2026-02-18T23:48:06.775Z] <<< [apiv2][status] GET https://storage.googleapis.com/firemat-preview-drop/emulator/dataconnect-emulator-linux-amd64-v3.1.1 200
[debug] [2026-02-18T23:48:06.775Z] <<< [apiv2][body] GET https://storage.googleapis.com/firemat-preview-drop/emulator/dataconnect-emulator-linux-amd64-v3.1.1 [stream]
[info] i  dataconnect: Removing outdated emulator files: dataconnect-emulator-3.0.0 {"metadata":{"emulator":{"name":"dataconnect"},"message":"Removing outdated emulator files: dataconnect-emulator-3.0.0"}}
[debug] [2026-02-18T23:48:27.520Z] I0218 23:48:27.371719    1610 control.go:100] [/emulator/studio-v0 a804] UpdateResources(): done
Main schema: sources: schema/schema.gql [3721B] 
Connector "default": sources: connector/queries.gql [2742B] connector/mutations.gql [3182B] 
 {"metadata":{"emulator":{"name":"dataconnect"},"message":"I0218 23:48:27.371719    1610 control.go:100] [/emulator/studio-v0 a804] UpdateResources(): done\nMain schema: sources: schema/schema.gql [3721B] \nConnector \"default\": sources: connector/queries.gql [2742B] connector/mutations.gql [3182B] \n"}}
[debug] [2026-02-18T23:48:27.523Z] Ignoring unsupported arg: auto_download {"metadata":{"emulator":{"name":"dataconnect"},"message":"Ignoring unsupported arg: auto_download"}}
[debug] [2026-02-18T23:48:27.523Z] Ignoring unsupported arg: port {"metadata":{"emulator":{"name":"dataconnect"},"message":"Ignoring unsupported arg: port"}}
[debug] [2026-02-18T23:48:27.524Z] Starting Data Connect Emulator with command {"binary":"/home/user/.cache/firebase/emulators/dataconnect-emulator-3.1.1","args":["--logtostderr","-v=2","dev","--listen=localhost:50001","--config_dir=/home/user/studio/dataconnect","--enable_output_schema_extensions=true","--enable_output_generated_sdk=true"],"optionalArgs":["listen","config_dir","enable_output_schema_extensions","enable_output_generated_sdk"],"joinArgs":true,"shell":false,"port":9399} {"metadata":{"emulator":{"name":"dataconnect"},"message":"Starting Data Connect Emulator with command {\"binary\":\"/home/user/.cache/firebase/emulators/dataconnect-emulator-3.1.1\",\"args\":[\"--logtostderr\",\"-v=2\",\"dev\",\"--listen=localhost:50001\",\"--config_dir=/home/user/studio/dataconnect\",\"--enable_output_schema_extensions=true\",\"--enable_output_generated_sdk=true\"],\"optionalArgs\":[\"listen\",\"config_dir\",\"enable_output_schema_extensions\",\"enable_output_generated_sdk\"],\"joinArgs\":true,\"shell\":false,\"port\":9399}"}}
[info] i  dataconnect: Data Connect Emulator logging to dataconnect-debug.log {"metadata":{"emulator":{"name":"dataconnect"},"message":"Data Connect Emulator logging to dataconnect-debug.log"}}
[debug] [2026-02-18T23:48:27.601Z] I0218 23:48:27.599354    1615 load.go:31] Reloading schema and connectors...
 {"metadata":{"emulator":{"name":"dataconnect"},"message":"I0218 23:48:27.599354    1615 load.go:31] Reloading schema and connectors...\n"}}
[debug] [2026-02-18T23:48:27.990Z] I0218 23:48:27.988625    1615 control.go:100] [/emulator/studio-v0 b3db] UpdateResources(): done
Main schema: sources: schema/schema.gql [3721B] 
Connector "default": sources: connector/mutations.gql [3182B] connector/queries.gql [2742B] 
 {"metadata":{"emulator":{"name":"dataconnect"},"message":"I0218 23:48:27.988625    1615 control.go:100] [/emulator/studio-v0 b3db] UpdateResources(): done\nMain schema: sources: schema/schema.gql [3721B] \nConnector \"default\": sources: connector/mutations.gql [3182B] connector/queries.gql [2742B] \n"}}
[debug] [2026-02-18T23:48:28.286Z] I0218 23:48:28.286457    1615 codegen.go:80] [connector "default" javascriptSdk] Generating sources into "/home/user/studio/dataconnect-generated/js/default-connector"
 {"metadata":{"emulator":{"name":"dataconnect"},"message":"I0218 23:48:28.286457    1615 codegen.go:80] [connector \"default\" javascriptSdk] Generating sources into \"/home/user/studio/dataconnect-generated/js/default-connector\"\n"}}
[debug] [2026-02-18T23:48:28.416Z] I0218 23:48:28.414477    1615 collector.go:107] schema extensions wrote into "/home/user/studio/dataconnect/.dataconnect/schema"
Generated sources: main/mutation.gql [41655B] main/implicit.gql [3267B] prelude.gql [73281B] main/input.gql [122168B] main/relation.gql [51784B] main/query.gql [15655B] 
 {"metadata":{"emulator":{"name":"dataconnect"},"message":"I0218 23:48:28.414477    1615 collector.go:107] schema extensions wrote into \"/home/user/studio/dataconnect/.dataconnect/schema\"\nGenerated sources: main/mutation.gql [41655B] main/implicit.gql [3267B] prelude.gql [73281B] main/input.gql [122168B] main/relation.gql [51784B] main/query.gql [15655B] \n"}}
[debug] [2026-02-18T23:48:28.454Z] I0218 23:48:28.421204    1615 collector.go:107] connector "default" javascriptSdk wrote into "/home/user/studio/dataconnect-generated/js/default-connector"
Generated sources: index.d.ts [24807B] README.md [116341B] react/esm/index.esm.js [9027B] react/index.d.ts [12119B] .guides/setup.md [1690B] esm/index.esm.js [10374B] index.cjs.js [12004B] package.json [871B] react/esm/package.json [17B] react/index.cjs.js [9597B] esm/package.json [17B] react/package.json [468B] react/README.md [119856B] .guides/usage.md [4620B] .guides/config.json [236B] 
I0218 23:48:28.434906    1615 installsdk.go:55] Package @firebasegen/default-connector is already installed. Skipping installation
I0218 23:48:28.434964    1615 load.go:109] Finished reloading
I0218 23:48:28.449327    1615 dev.go:104] Listening on address (HTTP + gRPC): 127.0.0.1:50001
 {"metadata":{"emulator":{"name":"dataconnect"},"message":"I0218 23:48:28.421204    1615 collector.go:107] connector \"default\" javascriptSdk wrote into \"/home/user/studio/dataconnect-generated/js/default-connector\"\nGenerated sources: index.d.ts [24807B] README.md [116341B] react/esm/index.esm.js [9027B] react/index.d.ts [12119B] .guides/setup.md [1690B] esm/index.esm.js [10374B] index.cjs.js [12004B] package.json [871B] react/esm/package.json [17B] react/index.cjs.js [9597B] esm/package.json [17B] react/package.json [468B] react/README.md [119856B] .guides/usage.md [4620B] .guides/config.json [236B] \nI0218 23:48:28.434906    1615 installsdk.go:55] Package @firebasegen/default-connector is already installed. Skipping installation\nI0218 23:48:28.434964    1615 load.go:109] Finished reloading\nI0218 23:48:28.449327    1615 dev.go:104] Listening on address (HTTP + gRPC): 127.0.0.1:50001\n"}}
[debug] [2026-02-18T23:48:28.637Z] I0218 23:48:28.587923    1615 engine.go:205] [/emulator/studio-v0 b3db] ExecuteGraphqlRead IntrospectionQuery: succeeded. 
 {"metadata":{"emulator":{"name":"dataconnect"},"message":"I0218 23:48:28.587923    1615 engine.go:205] [/emulator/studio-v0 b3db] ExecuteGraphqlRead IntrospectionQuery: succeeded. \n"}}
[debug] [2026-02-18T23:59:08.529Z] I0218 23:59:08.437170    1615 load.go:31] Reloading schema and connectors...
 {"metadata":{"emulator":{"name":"dataconnect"},"message":"I0218 23:59:08.437170    1615 load.go:31] Reloading schema and connectors...\n"}}
[debug] [2026-02-18T23:59:09.054Z] I0218 23:59:09.050675    1615 control.go:100] [/emulator/studio-v0 59f0] UpdateResources(): done
Main schema: sources: schema/schema.gql [3721B] 
Connector "default": sources: connector/mutations.gql [3156B] connector/queries.gql [2742B] 
 {"metadata":{"emulator":{"name":"dataconnect"},"message":"I0218 23:59:09.050675    1615 control.go:100] [/emulator/studio-v0 59f0] UpdateResources(): done\nMain schema: sources: schema/schema.gql [3721B] \nConnector \"default\": sources: connector/mutations.gql [3156B] connector/queries.gql [2742B] \n"}}
[debug] [2026-02-18T23:59:09.208Z] I0218 23:59:09.207865    1615 codegen.go:80] [connector "default" javascriptSdk] Generating sources into "/home/user/studio/dataconnect-generated/js/default-connector"
 {"metadata":{"emulator":{"name":"dataconnect"},"message":"I0218 23:59:09.207865    1615 codegen.go:80] [connector \"default\" javascriptSdk] Generating sources into \"/home/user/studio/dataconnect-generated/js/default-connector\"\n"}}
[debug] [2026-02-18T23:59:09.296Z] I0218 23:59:09.293870    1615 collector.go:107] schema extensions wrote into "/home/user/studio/dataconnect/.dataconnect/schema"
Generated sources: prelude.gql [73281B] main/implicit.gql [3267B] main/input.gql [122168B] main/relation.gql [51784B] main/query.gql [15655B] main/mutation.gql [41655B] 
 {"metadata":{"emulator":{"name":"dataconnect"},"message":"I0218 23:59:09.293870    1615 collector.go:107] schema extensions wrote into \"/home/user/studio/dataconnect/.dataconnect/schema\"\nGenerated sources: prelude.gql [73281B] main/implicit.gql [3267B] main/input.gql [122168B] main/relation.gql [51784B] main/query.gql [15655B] main/mutation.gql [41655B] \n"}}
[debug] [2026-02-18T23:59:09.307Z] I0218 23:59:09.305300    1615 collector.go:107] connector "default" javascriptSdk wrote into "/home/user/studio/dataconnect-generated/js/default-connector"
Generated sources: .guides/setup.md [1690B] index.d.ts [24772B] esm/index.esm.js [10368B] react/package.json [468B] package.json [871B] react/index.d.ts [12133B] react/esm/index.esm.js [9027B] .guides/config.json [236B] esm/package.json [17B] README.md [116468B] react/README.md [120119B] .guides/usage.md [4620B] index.cjs.js [11998B] react/esm/package.json [17B] react/index.cjs.js [9597B] 
 {"metadata":{"emulator":{"name":"dataconnect"},"message":"I0218 23:59:09.305300    1615 collector.go:107] connector \"default\" javascriptSdk wrote into \"/home/user/studio/dataconnect-generated/js/default-connector\"\nGenerated sources: .guides/setup.md [1690B] index.d.ts [24772B] esm/index.esm.js [10368B] react/package.json [468B] package.json [871B] react/index.d.ts [12133B] react/esm/index.esm.js [9027B] .guides/config.json [236B] esm/package.json [17B] README.md [116468B] react/README.md [120119B] .guides/usage.md [4620B] index.cjs.js [11998B] react/esm/package.json [17B] react/index.cjs.js [9597B] \n"}}
[debug] [2026-02-18T23:59:09.318Z] I0218 23:59:09.317411    1615 installsdk.go:55] Package @firebasegen/default-connector is already installed. Skipping installation
I0218 23:59:09.317499    1615 load.go:109] Finished reloading
 {"metadata":{"emulator":{"name":"dataconnect"},"message":"I0218 23:59:09.317411    1615 installsdk.go:55] Package @firebasegen/default-connector is already installed. Skipping installation\nI0218 23:59:09.317499    1615 load.go:109] Finished reloading\n"}}
[debug] [2026-02-18T23:59:38.445Z] I0218 23:59:38.445328    1615 load.go:31] Reloading schema and connectors...
 {"metadata":{"emulator":{"name":"dataconnect"},"message":"I0218 23:59:38.445328    1615 load.go:31] Reloading schema and connectors...\n"}}
[debug] [2026-02-18T23:59:38.593Z] I0218 23:59:38.592723    1615 control.go:100] [/emulator/studio-v0 a34b] UpdateResources(): done
Main schema: sources: schema/schema.gql [3721B] 
Connector "default": sources: connector/mutations.gql [3114B] connector/queries.gql [2742B] 
 {"metadata":{"emulator":{"name":"dataconnect"},"message":"I0218 23:59:38.592723    1615 control.go:100] [/emulator/studio-v0 a34b] UpdateResources(): done\nMain schema: sources: schema/schema.gql [3721B] \nConnector \"default\": sources: connector/mutations.gql [3114B] connector/queries.gql [2742B] \n"}}
[debug] [2026-02-18T23:59:38.779Z] I0218 23:59:38.779292    1615 codegen.go:80] [connector "default" javascriptSdk] Generating sources into "/home/user/studio/dataconnect-generated/js/default-connector"
 {"metadata":{"emulator":{"name":"dataconnect"},"message":"I0218 23:59:38.779292    1615 codegen.go:80] [connector \"default\" javascriptSdk] Generating sources into \"/home/user/studio/dataconnect-generated/js/default-connector\"\n"}}
[debug] [2026-02-18T23:59:38.837Z] I0218 23:59:38.835210    1615 collector.go:107] schema extensions wrote into "/home/user/studio/dataconnect/.dataconnect/schema"
Generated sources: main/relation.gql [51784B] main/query.gql [15655B] main/mutation.gql [41655B] main/implicit.gql [3267B] prelude.gql [73281B] main/input.gql [122168B] 
 {"metadata":{"emulator":{"name":"dataconnect"},"message":"I0218 23:59:38.835210    1615 collector.go:107] schema extensions wrote into \"/home/user/studio/dataconnect/.dataconnect/schema\"\nGenerated sources: main/relation.gql [51784B] main/query.gql [15655B] main/mutation.gql [41655B] main/implicit.gql [3267B] prelude.gql [73281B] main/input.gql [122168B] \n"}}
[debug] [2026-02-18T23:59:38.843Z] I0218 23:59:38.842987    1615 collector.go:107] connector "default" javascriptSdk wrote into "/home/user/studio/dataconnect-generated/js/default-connector"
Generated sources: react/esm/index.esm.js [9017B] esm/package.json [17B] react/package.json [468B] react/esm/package.json [17B] .guides/config.json [236B] react/index.d.ts [11972B] react/index.cjs.js [9587B] react/README.md [119315B] .guides/usage.md [4476B] .guides/setup.md [1690B] index.d.ts [24351B] esm/index.esm.js [10297B] index.cjs.js [11927B] package.json [871B] README.md [114804B] 
 {"metadata":{"emulator":{"name":"dataconnect"},"message":"I0218 23:59:38.842987    1615 collector.go:107] connector \"default\" javascriptSdk wrote into \"/home/user/studio/dataconnect-generated/js/default-connector\"\nGenerated sources: react/esm/index.esm.js [9017B] esm/package.json [17B] react/package.json [468B] react/esm/package.json [17B] .guides/config.json [236B] react/index.d.ts [11972B] react/index.cjs.js [9587B] react/README.md [119315B] .guides/usage.md [4476B] .guides/setup.md [1690B] index.d.ts [24351B] esm/index.esm.js [10297B] index.cjs.js [11927B] package.json [871B] README.md [114804B] \n"}}
[debug] [2026-02-18T23:59:38.852Z] I0218 23:59:38.852233    1615 installsdk.go:55] Package @firebasegen/default-connector is already installed. Skipping installation
I0218 23:59:38.852291    1615 load.go:109] Finished reloading
 {"metadata":{"emulator":{"name":"dataconnect"},"message":"I0218 23:59:38.852233    1615 installsdk.go:55] Package @firebasegen/default-connector is already installed. Skipping installation\nI0218 23:59:38.852291    1615 load.go:109] Finished reloading\n"}}
[debug] [2026-02-19T04:30:55.767Z] [Firebase Plugin] Activating Firebase extension.
[debug] [2026-02-19T04:31:24.811Z] [Firebase Plugin] requireAuthWrapper
[debug] [2026-02-19T04:31:24.819Z] > command requires scopes: ["email","openid","https://www.googleapis.com/auth/cloudplatformprojects.readonly","https://www.googleapis.com/auth/firebase","https://www.googleapis.com/auth/cloud-platform","https://www.googleapis.com/auth/userinfo.email"]
[debug] [2026-02-19T04:31:24.822Z] > authorizing via signed-in user (lumacx@gmail.com)
[debug] [2026-02-19T04:31:24.852Z] Checked if tokens are valid: false, expires at: 1771465010300
[debug] [2026-02-19T04:31:24.853Z] Checked if tokens are valid: false, expires at: 1771465010300
[debug] [2026-02-19T04:31:24.855Z] > refreshing access token with scopes: []
[debug] [2026-02-19T04:31:24.867Z] >>> [apiv2][query] POST https://www.googleapis.com/oauth2/v3/token [none]
[debug] [2026-02-19T04:31:24.869Z] >>> [apiv2][body] POST https://www.googleapis.com/oauth2/v3/token [omitted]
[debug] [2026-02-19T04:31:25.032Z] [Firebase Plugin] VSCode notification server listening on port 40001
[debug] [2026-02-19T04:31:25.378Z] <<< [apiv2][status] POST https://www.googleapis.com/oauth2/v3/token 200
[debug] [2026-02-19T04:31:25.381Z] <<< [apiv2][body] POST https://www.googleapis.com/oauth2/v3/token [omitted]
[debug] [2026-02-19T04:31:25.422Z] [Firebase Plugin] User found:  lumacx@gmail.com
[info] [Firebase Plugin] (Core:Project) New user detected, fetching projects
[debug] [2026-02-19T04:31:25.433Z] Checked if tokens are valid: true, expires at: 1771479084382
[debug] [2026-02-19T04:31:25.440Z] >>> [apiv2][query] GET https://firebase.googleapis.com/v1beta1/projects pageSize=1000
[info] [Firebase Plugin] Starting Data Connect toolkit (version 3.1.1) on port 50001
[debug] [2026-02-19T04:31:31.407Z] I0219 04:31:31.041470     583 control.go:100] [/emulator/studio-v0 b281] UpdateResources(): done
Main schema: sources: schema/schema.gql [3721B] 
Connector "default": sources: connector/mutations.gql [3114B] connector/queries.gql [2742B] 
 {"metadata":{"emulator":{"name":"dataconnect"},"message":"I0219 04:31:31.041470     583 control.go:100] [/emulator/studio-v0 b281] UpdateResources(): done\nMain schema: sources: schema/schema.gql [3721B] \nConnector \"default\": sources: connector/mutations.gql [3114B] connector/queries.gql [2742B] \n"}}
[debug] [2026-02-19T04:31:31.427Z] Ignoring unsupported arg: auto_download {"metadata":{"emulator":{"name":"dataconnect"},"message":"Ignoring unsupported arg: auto_download"}}
[debug] [2026-02-19T04:31:31.428Z] Ignoring unsupported arg: port {"metadata":{"emulator":{"name":"dataconnect"},"message":"Ignoring unsupported arg: port"}}
[debug] [2026-02-19T04:31:31.430Z] Starting Data Connect Emulator with command {"binary":"/home/user/.cache/firebase/emulators/dataconnect-emulator-3.1.1","args":["--logtostderr","-v=2","dev","--listen=localhost:50001","--config_dir=/home/user/studio/dataconnect","--enable_output_schema_extensions=true","--enable_output_generated_sdk=true"],"optionalArgs":["listen","config_dir","enable_output_schema_extensions","enable_output_generated_sdk"],"joinArgs":true,"shell":false,"port":9399} {"metadata":{"emulator":{"name":"dataconnect"},"message":"Starting Data Connect Emulator with command {\"binary\":\"/home/user/.cache/firebase/emulators/dataconnect-emulator-3.1.1\",\"args\":[\"--logtostderr\",\"-v=2\",\"dev\",\"--listen=localhost:50001\",\"--config_dir=/home/user/studio/dataconnect\",\"--enable_output_schema_extensions=true\",\"--enable_output_generated_sdk=true\"],\"optionalArgs\":[\"listen\",\"config_dir\",\"enable_output_schema_extensions\",\"enable_output_generated_sdk\"],\"joinArgs\":true,\"shell\":false,\"port\":9399}"}}
[info] i  dataconnect: Data Connect Emulator logging to dataconnect-debug.log {"metadata":{"emulator":{"name":"dataconnect"},"message":"Data Connect Emulator logging to dataconnect-debug.log"}}
[debug] [2026-02-19T04:31:31.960Z] I0219 04:31:31.776857     588 load.go:31] Reloading schema and connectors...
 {"metadata":{"emulator":{"name":"dataconnect"},"message":"I0219 04:31:31.776857     588 load.go:31] Reloading schema and connectors...\n"}}
[debug] [2026-02-19T04:31:33.499Z] I0219 04:31:32.634186     588 control.go:100] [/emulator/studio-v0 e362] UpdateResources(): done
Main schema: sources: schema/schema.gql [3721B] 
Connector "default": sources: connector/queries.gql [2742B] connector/mutations.gql [3114B] 
 {"metadata":{"emulator":{"name":"dataconnect"},"message":"I0219 04:31:32.634186     588 control.go:100] [/emulator/studio-v0 e362] UpdateResources(): done\nMain schema: sources: schema/schema.gql [3721B] \nConnector \"default\": sources: connector/queries.gql [2742B] connector/mutations.gql [3114B] \n"}}
[debug] [2026-02-19T04:31:33.821Z] I0219 04:31:33.783909     588 codegen.go:80] [connector "default" javascriptSdk] Generating sources into "/home/user/studio/dataconnect-generated/js/default-connector"
 {"metadata":{"emulator":{"name":"dataconnect"},"message":"I0219 04:31:33.783909     588 codegen.go:80] [connector \"default\" javascriptSdk] Generating sources into \"/home/user/studio/dataconnect-generated/js/default-connector\"\n"}}
[debug] [2026-02-19T04:31:33.828Z] <<< [apiv2][status] GET https://firebase.googleapis.com/v1beta1/projects 200
[debug] [2026-02-19T04:31:33.831Z] <<< [apiv2][body] GET https://firebase.googleapis.com/v1beta1/projects [omitted]
[debug] [2026-02-19T04:31:34.228Z] I0219 04:31:34.076945     588 collector.go:107] schema extensions wrote into "/home/user/studio/dataconnect/.dataconnect/schema"
Generated sources: prelude.gql [73281B] main/implicit.gql [3267B] main/input.gql [122168B] main/relation.gql [51784B] main/query.gql [15655B] main/mutation.gql [41655B] 
I0219 04:31:34.086122     588 collector.go:107] connector "default" javascriptSdk wrote into "/home/user/studio/dataconnect-generated/js/default-connector"
Generated sources: index.d.ts [24351B] esm/package.json [17B] package.json [871B] react/index.cjs.js [9587B] .guides/setup.md [1690B] index.cjs.js [11927B] README.md [114804B] esm/index.esm.js [10297B] react/package.json [468B] react/esm/index.esm.js [9017B] react/index.d.ts [11972B] react/esm/package.json [17B] react/README.md [119315B] .guides/usage.md [4476B] .guides/config.json [236B] 
I0219 04:31:34.139264     588 installsdk.go:55] Package @firebasegen/default-connector is already installed. Skipping installation
I0219 04:31:34.139369     588 load.go:109] Finished reloading
I0219 04:31:34.210594     588 dev.go:104] Listening on address (HTTP + gRPC): 127.0.0.1:50001
 {"metadata":{"emulator":{"name":"dataconnect"},"message":"I0219 04:31:34.076945     588 collector.go:107] schema extensions wrote into \"/home/user/studio/dataconnect/.dataconnect/schema\"\nGenerated sources: prelude.gql [73281B] main/implicit.gql [3267B] main/input.gql [122168B] main/relation.gql [51784B] main/query.gql [15655B] main/mutation.gql [41655B] \nI0219 04:31:34.086122     588 collector.go:107] connector \"default\" javascriptSdk wrote into \"/home/user/studio/dataconnect-generated/js/default-connector\"\nGenerated sources: index.d.ts [24351B] esm/package.json [17B] package.json [871B] react/index.cjs.js [9587B] .guides/setup.md [1690B] index.cjs.js [11927B] README.md [114804B] esm/index.esm.js [10297B] react/package.json [468B] react/esm/index.esm.js [9017B] react/index.d.ts [11972B] react/esm/package.json [17B] react/README.md [119315B] .guides/usage.md [4476B] .guides/config.json [236B] \nI0219 04:31:34.139264     588 installsdk.go:55] Package @firebasegen/default-connector is already installed. Skipping installation\nI0219 04:31:34.139369     588 load.go:109] Finished reloading\nI0219 04:31:34.210594     588 dev.go:104] Listening on address (HTTP + gRPC): 127.0.0.1:50001\n"}}
[debug] [2026-02-19T04:31:35.139Z] I0219 04:31:34.743691     588 engine.go:205] [/emulator/studio-v0 e362] ExecuteGraphqlRead IntrospectionQuery: succeeded. 
 {"metadata":{"emulator":{"name":"dataconnect"},"message":"I0219 04:31:34.743691     588 engine.go:205] [/emulator/studio-v0 e362] ExecuteGraphqlRead IntrospectionQuery: succeeded. \n"}}
[debug] [2026-02-19T04:41:29.288Z] [Firebase Plugin] Activating Firebase extension.
[debug] [2026-02-19T04:42:01.386Z] [Firebase Plugin] requireAuthWrapper
[debug] [2026-02-19T04:42:01.399Z] > command requires scopes: ["email","openid","https://www.googleapis.com/auth/cloudplatformprojects.readonly","https://www.googleapis.com/auth/firebase","https://www.googleapis.com/auth/cloud-platform","https://www.googleapis.com/auth/userinfo.email"]
[debug] [2026-02-19T04:42:01.401Z] > authorizing via signed-in user (lumacx@gmail.com)
[debug] [2026-02-19T04:42:01.421Z] Checked if tokens are valid: true, expires at: 1771479084382
[debug] [2026-02-19T04:42:01.422Z] Checked if tokens are valid: true, expires at: 1771479084382
[debug] [2026-02-19T04:42:01.423Z] [Firebase Plugin] User found:  lumacx@gmail.com
[info] [Firebase Plugin] (Core:Project) New user detected, fetching projects
[debug] [2026-02-19T04:42:01.426Z] Checked if tokens are valid: true, expires at: 1771479084382
[debug] [2026-02-19T04:42:01.431Z] >>> [apiv2][query] GET https://firebase.googleapis.com/v1beta1/projects pageSize=1000
[debug] [2026-02-19T04:42:01.538Z] [Firebase Plugin] VSCode notification server listening on port 40002
[debug] [2026-02-19T04:42:02.102Z] <<< [apiv2][status] GET https://firebase.googleapis.com/v1beta1/projects 200
[debug] [2026-02-19T04:42:02.105Z] <<< [apiv2][body] GET https://firebase.googleapis.com/v1beta1/projects [omitted]
[info] [Firebase Plugin] Starting Data Connect toolkit (version 3.1.1) on port 50002
[debug] [2026-02-19T04:42:12.611Z] I0219 04:42:12.521372    2722 control.go:100] [/emulator/studio-v0 bcca] UpdateResources(): done
Main schema: sources: schema/schema.gql [3721B] 
Connector "default": sources: connector/mutations.gql [3114B] connector/queries.gql [2742B] 
 {"metadata":{"emulator":{"name":"dataconnect"},"message":"I0219 04:42:12.521372    2722 control.go:100] [/emulator/studio-v0 bcca] UpdateResources(): done\nMain schema: sources: schema/schema.gql [3721B] \nConnector \"default\": sources: connector/mutations.gql [3114B] connector/queries.gql [2742B] \n"}}
[debug] [2026-02-19T04:42:12.615Z] Ignoring unsupported arg: auto_download {"metadata":{"emulator":{"name":"dataconnect"},"message":"Ignoring unsupported arg: auto_download"}}
[debug] [2026-02-19T04:42:12.615Z] Ignoring unsupported arg: port {"metadata":{"emulator":{"name":"dataconnect"},"message":"Ignoring unsupported arg: port"}}
[debug] [2026-02-19T04:42:12.616Z] Starting Data Connect Emulator with command {"binary":"/home/user/.cache/firebase/emulators/dataconnect-emulator-3.1.1","args":["--logtostderr","-v=2","dev","--listen=localhost:50002","--config_dir=/home/user/studio/dataconnect","--enable_output_schema_extensions=true","--enable_output_generated_sdk=true"],"optionalArgs":["listen","config_dir","enable_output_schema_extensions","enable_output_generated_sdk"],"joinArgs":true,"shell":false,"port":9399} {"metadata":{"emulator":{"name":"dataconnect"},"message":"Starting Data Connect Emulator with command {\"binary\":\"/home/user/.cache/firebase/emulators/dataconnect-emulator-3.1.1\",\"args\":[\"--logtostderr\",\"-v=2\",\"dev\",\"--listen=localhost:50002\",\"--config_dir=/home/user/studio/dataconnect\",\"--enable_output_schema_extensions=true\",\"--enable_output_generated_sdk=true\"],\"optionalArgs\":[\"listen\",\"config_dir\",\"enable_output_schema_extensions\",\"enable_output_generated_sdk\"],\"joinArgs\":true,\"shell\":false,\"port\":9399}"}}
[info] i  dataconnect: Data Connect Emulator logging to dataconnect-debug.log {"metadata":{"emulator":{"name":"dataconnect"},"message":"Data Connect Emulator logging to dataconnect-debug.log"}}
[debug] [2026-02-19T04:42:12.746Z] I0219 04:42:12.669695    2745 load.go:31] Reloading schema and connectors...
 {"metadata":{"emulator":{"name":"dataconnect"},"message":"I0219 04:42:12.669695    2745 load.go:31] Reloading schema and connectors...\n"}}
[debug] [2026-02-19T04:42:12.994Z] I0219 04:42:12.992493    2745 control.go:100] [/emulator/studio-v0 8724] UpdateResources(): done
Main schema: sources: schema/schema.gql [3721B] 
Connector "default": sources: connector/mutations.gql [3114B] connector/queries.gql [2742B] 
 {"metadata":{"emulator":{"name":"dataconnect"},"message":"I0219 04:42:12.992493    2745 control.go:100] [/emulator/studio-v0 8724] UpdateResources(): done\nMain schema: sources: schema/schema.gql [3721B] \nConnector \"default\": sources: connector/mutations.gql [3114B] connector/queries.gql [2742B] \n"}}
[debug] [2026-02-19T04:42:13.288Z] I0219 04:42:13.287934    2745 codegen.go:80] [connector "default" javascriptSdk] Generating sources into "/home/user/studio/dataconnect-generated/js/default-connector"
 {"metadata":{"emulator":{"name":"dataconnect"},"message":"I0219 04:42:13.287934    2745 codegen.go:80] [connector \"default\" javascriptSdk] Generating sources into \"/home/user/studio/dataconnect-generated/js/default-connector\"\n"}}
[debug] [2026-02-19T04:42:13.602Z] I0219 04:42:13.601328    2745 collector.go:107] schema extensions wrote into "/home/user/studio/dataconnect/.dataconnect/schema"
Generated sources: prelude.gql [73281B] main/mutation.gql [41655B] main/implicit.gql [3267B] main/input.gql [122168B] main/relation.gql [51784B] main/query.gql [15655B] 
 {"metadata":{"emulator":{"name":"dataconnect"},"message":"I0219 04:42:13.601328    2745 collector.go:107] schema extensions wrote into \"/home/user/studio/dataconnect/.dataconnect/schema\"\nGenerated sources: prelude.gql [73281B] main/mutation.gql [41655B] main/implicit.gql [3267B] main/input.gql [122168B] main/relation.gql [51784B] main/query.gql [15655B] \n"}}
[debug] [2026-02-19T04:42:13.904Z] I0219 04:42:13.902171    2745 collector.go:107] connector "default" javascriptSdk wrote into "/home/user/studio/dataconnect-generated/js/default-connector"
Generated sources: esm/package.json [17B] index.cjs.js [11927B] react/package.json [468B] react/README.md [119315B] index.d.ts [24351B] esm/index.esm.js [10297B] react/index.d.ts [11972B] .guides/setup.md [1690B] .guides/config.json [236B] package.json [871B] react/esm/index.esm.js [9017B] README.md [114804B] react/esm/package.json [17B] react/index.cjs.js [9587B] .guides/usage.md [4476B] 
 {"metadata":{"emulator":{"name":"dataconnect"},"message":"I0219 04:42:13.902171    2745 collector.go:107] connector \"default\" javascriptSdk wrote into \"/home/user/studio/dataconnect-generated/js/default-connector\"\nGenerated sources: esm/package.json [17B] index.cjs.js [11927B] react/package.json [468B] react/README.md [119315B] index.d.ts [24351B] esm/index.esm.js [10297B] react/index.d.ts [11972B] .guides/setup.md [1690B] .guides/config.json [236B] package.json [871B] react/esm/index.esm.js [9017B] README.md [114804B] react/esm/package.json [17B] react/index.cjs.js [9587B] .guides/usage.md [4476B] \n"}}
[debug] [2026-02-19T04:42:14.265Z] I0219 04:42:14.234695    2745 installsdk.go:55] Package @firebasegen/default-connector is already installed. Skipping installation
I0219 04:42:14.234784    2745 load.go:109] Finished reloading
 {"metadata":{"emulator":{"name":"dataconnect"},"message":"I0219 04:42:14.234695    2745 installsdk.go:55] Package @firebasegen/default-connector is already installed. Skipping installation\nI0219 04:42:14.234784    2745 load.go:109] Finished reloading\n"}}
[debug] [2026-02-19T04:42:14.468Z] I0219 04:42:14.467733    2745 dev.go:104] Listening on address (HTTP + gRPC): 127.0.0.1:50002
 {"metadata":{"emulator":{"name":"dataconnect"},"message":"I0219 04:42:14.467733    2745 dev.go:104] Listening on address (HTTP + gRPC): 127.0.0.1:50002\n"}}
[debug] [2026-02-19T04:42:14.776Z] I0219 04:42:14.733816    2745 engine.go:205] [/emulator/studio-v0 8724] ExecuteGraphqlRead IntrospectionQuery: succeeded. 
 {"metadata":{"emulator":{"name":"dataconnect"},"message":"I0219 04:42:14.733816    2745 engine.go:205] [/emulator/studio-v0 8724] ExecuteGraphqlRead IntrospectionQuery: succeeded. \n"}}
[info] [Firebase Plugin] Stopping Data Connect toolkit
[warn] ⚠  Data Connect Emulator has exited upon receiving signal: SIGINT 
[info] [Firebase Plugin] Stopping Data Connect toolkit
[warn] ⚠  Data Connect Emulator has exited upon receiving signal: SIGINT 
[debug] [2026-02-23T19:20:42.242Z] [Firebase Plugin] Activating Firebase extension.
[debug] [2026-02-23T19:21:11.454Z] [Firebase Plugin] requireAuthWrapper
[debug] [2026-02-23T19:21:11.457Z] > command requires scopes: ["email","openid","https://www.googleapis.com/auth/cloudplatformprojects.readonly","https://www.googleapis.com/auth/firebase","https://www.googleapis.com/auth/cloud-platform","https://www.googleapis.com/auth/userinfo.email"]
[debug] [2026-02-23T19:21:11.459Z] > authorizing via signed-in user (lumacx@gmail.com)
[debug] [2026-02-23T19:21:11.467Z] Checked if tokens are valid: false, expires at: 1771479084382
[debug] [2026-02-23T19:21:11.468Z] Checked if tokens are valid: false, expires at: 1771479084382
[debug] [2026-02-23T19:21:11.469Z] > refreshing access token with scopes: []
[debug] [2026-02-23T19:21:11.475Z] >>> [apiv2][query] POST https://www.googleapis.com/oauth2/v3/token [none]
[debug] [2026-02-23T19:21:11.476Z] >>> [apiv2][body] POST https://www.googleapis.com/oauth2/v3/token [omitted]
[debug] [2026-02-23T19:21:11.614Z] [Firebase Plugin] VSCode notification server listening on port 40001
[debug] [2026-02-23T19:21:11.862Z] <<< [apiv2][status] POST https://www.googleapis.com/oauth2/v3/token 200
[debug] [2026-02-23T19:21:11.866Z] <<< [apiv2][body] POST https://www.googleapis.com/oauth2/v3/token [omitted]
[debug] [2026-02-23T19:21:11.957Z] [Firebase Plugin] User found:  lumacx@gmail.com
[info] [Firebase Plugin] (Core:Project) New user detected, fetching projects
[debug] [2026-02-23T19:21:11.966Z] Checked if tokens are valid: true, expires at: 1771878070867
[debug] [2026-02-23T19:21:11.977Z] >>> [apiv2][query] GET https://firebase.googleapis.com/v1beta1/projects pageSize=1000
[info] [Firebase Plugin] Starting Data Connect toolkit (version 3.1.1) on port 50001
[debug] [2026-02-23T19:21:17.156Z] I0223 19:21:16.963062     703 control.go:100] [/emulator/studio-v0 c589] UpdateResources(): done
Main schema: sources: schema/schema.gql [3721B] 
Connector "default": sources: connector/queries.gql [2742B] connector/mutations.gql [3114B] 
 {"metadata":{"emulator":{"name":"dataconnect"},"message":"I0223 19:21:16.963062     703 control.go:100] [/emulator/studio-v0 c589] UpdateResources(): done\nMain schema: sources: schema/schema.gql [3721B] \nConnector \"default\": sources: connector/queries.gql [2742B] connector/mutations.gql [3114B] \n"}}
[debug] [2026-02-23T19:21:17.159Z] Ignoring unsupported arg: auto_download {"metadata":{"emulator":{"name":"dataconnect"},"message":"Ignoring unsupported arg: auto_download"}}
[debug] [2026-02-23T19:21:17.160Z] Ignoring unsupported arg: port {"metadata":{"emulator":{"name":"dataconnect"},"message":"Ignoring unsupported arg: port"}}
[debug] [2026-02-23T19:21:17.161Z] Starting Data Connect Emulator with command {"binary":"/home/user/.cache/firebase/emulators/dataconnect-emulator-3.1.1","args":["--logtostderr","-v=2","dev","--listen=localhost:50001","--config_dir=/home/user/studio/dataconnect","--enable_output_schema_extensions=true","--enable_output_generated_sdk=true"],"optionalArgs":["listen","config_dir","enable_output_schema_extensions","enable_output_generated_sdk"],"joinArgs":true,"shell":false,"port":9399} {"metadata":{"emulator":{"name":"dataconnect"},"message":"Starting Data Connect Emulator with command {\"binary\":\"/home/user/.cache/firebase/emulators/dataconnect-emulator-3.1.1\",\"args\":[\"--logtostderr\",\"-v=2\",\"dev\",\"--listen=localhost:50001\",\"--config_dir=/home/user/studio/dataconnect\",\"--enable_output_schema_extensions=true\",\"--enable_output_generated_sdk=true\"],\"optionalArgs\":[\"listen\",\"config_dir\",\"enable_output_schema_extensions\",\"enable_output_generated_sdk\"],\"joinArgs\":true,\"shell\":false,\"port\":9399}"}}
[info] i  dataconnect: Data Connect Emulator logging to dataconnect-debug.log {"metadata":{"emulator":{"name":"dataconnect"},"message":"Data Connect Emulator logging to dataconnect-debug.log"}}
[debug] [2026-02-23T19:21:17.361Z] I0223 19:21:17.258600     708 load.go:31] Reloading schema and connectors...
 {"metadata":{"emulator":{"name":"dataconnect"},"message":"I0223 19:21:17.258600     708 load.go:31] Reloading schema and connectors...\n"}}
[debug] [2026-02-23T19:21:18.072Z] I0223 19:21:18.029991     708 control.go:100] [/emulator/studio-v0 db00] UpdateResources(): done
Main schema: sources: schema/schema.gql [3721B] 
Connector "default": sources: connector/mutations.gql [3114B] connector/queries.gql [2742B] 
 {"metadata":{"emulator":{"name":"dataconnect"},"message":"I0223 19:21:18.029991     708 control.go:100] [/emulator/studio-v0 db00] UpdateResources(): done\nMain schema: sources: schema/schema.gql [3721B] \nConnector \"default\": sources: connector/mutations.gql [3114B] connector/queries.gql [2742B] \n"}}
[debug] [2026-02-23T19:21:18.174Z] <<< [apiv2][status] GET https://firebase.googleapis.com/v1beta1/projects 200
[debug] [2026-02-23T19:21:18.175Z] <<< [apiv2][body] GET https://firebase.googleapis.com/v1beta1/projects [omitted]
[debug] [2026-02-23T19:21:18.629Z] I0223 19:21:18.574519     708 codegen.go:80] [connector "default" javascriptSdk] Generating sources into "/home/user/studio/dataconnect-generated/js/default-connector"
 {"metadata":{"emulator":{"name":"dataconnect"},"message":"I0223 19:21:18.574519     708 codegen.go:80] [connector \"default\" javascriptSdk] Generating sources into \"/home/user/studio/dataconnect-generated/js/default-connector\"\n"}}
[debug] [2026-02-23T19:21:18.673Z] I0223 19:21:18.672972     708 collector.go:107] schema extensions wrote into "/home/user/studio/dataconnect/.dataconnect/schema"
Generated sources: main/mutation.gql [41655B] main/implicit.gql [3267B] prelude.gql [73281B] main/input.gql [122168B] main/relation.gql [51784B] main/query.gql [15655B] 
 {"metadata":{"emulator":{"name":"dataconnect"},"message":"I0223 19:21:18.672972     708 collector.go:107] schema extensions wrote into \"/home/user/studio/dataconnect/.dataconnect/schema\"\nGenerated sources: main/mutation.gql [41655B] main/implicit.gql [3267B] prelude.gql [73281B] main/input.gql [122168B] main/relation.gql [51784B] main/query.gql [15655B] \n"}}
[debug] [2026-02-23T19:21:18.735Z] I0223 19:21:18.725135     708 collector.go:107] connector "default" javascriptSdk wrote into "/home/user/studio/dataconnect-generated/js/default-connector"
Generated sources: esm/package.json [17B] index.cjs.js [11927B] react/index.d.ts [11972B] react/package.json [468B] react/esm/index.esm.js [9017B] .guides/config.json [236B] index.d.ts [24351B] esm/index.esm.js [10297B] README.md [114804B] package.json [871B] react/index.cjs.js [9587B] react/esm/package.json [17B] react/README.md [119315B] .guides/usage.md [4476B] .guides/setup.md [1690B] 
 {"metadata":{"emulator":{"name":"dataconnect"},"message":"I0223 19:21:18.725135     708 collector.go:107] connector \"default\" javascriptSdk wrote into \"/home/user/studio/dataconnect-generated/js/default-connector\"\nGenerated sources: esm/package.json [17B] index.cjs.js [11927B] react/index.d.ts [11972B] react/package.json [468B] react/esm/index.esm.js [9017B] .guides/config.json [236B] index.d.ts [24351B] esm/index.esm.js [10297B] README.md [114804B] package.json [871B] react/index.cjs.js [9587B] react/esm/package.json [17B] react/README.md [119315B] .guides/usage.md [4476B] .guides/setup.md [1690B] \n"}}
[debug] [2026-02-23T19:21:18.763Z] I0223 19:21:18.763398     708 installsdk.go:55] Package @firebasegen/default-connector is already installed. Skipping installation
 {"metadata":{"emulator":{"name":"dataconnect"},"message":"I0223 19:21:18.763398     708 installsdk.go:55] Package @firebasegen/default-connector is already installed. Skipping installation\n"}}
[debug] [2026-02-23T19:21:18.772Z] I0223 19:21:18.763477     708 load.go:109] Finished reloading
 {"metadata":{"emulator":{"name":"dataconnect"},"message":"I0223 19:21:18.763477     708 load.go:109] Finished reloading\n"}}
[debug] [2026-02-23T19:21:18.788Z] I0223 19:21:18.787696     708 dev.go:104] Listening on address (HTTP + gRPC): 127.0.0.1:50001
 {"metadata":{"emulator":{"name":"dataconnect"},"message":"I0223 19:21:18.787696     708 dev.go:104] Listening on address (HTTP + gRPC): 127.0.0.1:50001\n"}}
[debug] [2026-02-23T19:21:35.201Z] I0223 19:21:19.139561     708 engine.go:205] [/emulator/studio-v0 db00] ExecuteGraphqlRead IntrospectionQuery: succeeded. 
 {"metadata":{"emulator":{"name":"dataconnect"},"message":"I0223 19:21:19.139561     708 engine.go:205] [/emulator/studio-v0 db00] ExecuteGraphqlRead IntrospectionQuery: succeeded. \n"}}
[debug] [2026-02-23T19:33:59.450Z] I0223 19:33:58.926216     708 load.go:31] Reloading schema and connectors...
 {"metadata":{"emulator":{"name":"dataconnect"},"message":"I0223 19:33:58.926216     708 load.go:31] Reloading schema and connectors...\n"}}
[debug] [2026-02-23T19:34:01.172Z] W0223 19:34:01.130676     708 control.go:74] [/emulator/studio-v0 2f3e] connector "default" has errors: connector/queries.gql:48:1: On @auth: cannot specify both `level` and `expr`

sources: connector/queries.gql [2756B] connector/mutations.gql [3114B] 
I0223 19:34:01.171887     708 control.go:100] [/emulator/studio-v0 2f3e] UpdateResources(): done
Main schema: sources: schema/schema.gql [3721B] 
Connector "default": sources: connector/mutations.gql [3114B] connector/queries.gql [2756B] 
 {"metadata":{"emulator":{"name":"dataconnect"},"message":"W0223 19:34:01.130676     708 control.go:74] [/emulator/studio-v0 2f3e] connector \"default\" has errors: connector/queries.gql:48:1: On @auth: cannot specify both `level` and `expr`\n\nsources: connector/queries.gql [2756B] connector/mutations.gql [3114B] \nI0223 19:34:01.171887     708 control.go:100] [/emulator/studio-v0 2f3e] UpdateResources(): done\nMain schema: sources: schema/schema.gql [3721B] \nConnector \"default\": sources: connector/mutations.gql [3114B] connector/queries.gql [2756B] \n"}}
[debug] [2026-02-23T19:34:01.190Z] E0223 19:34:01.188737     708 load.go:73] Could not load sources: 
Errors: connector/queries.gql:48:1: On @auth: cannot specify both `level` and `expr`
 {"metadata":{"emulator":{"name":"dataconnect"},"message":"E0223 19:34:01.188737     708 load.go:73] Could not load sources: \nErrors: connector/queries.gql:48:1: On @auth: cannot specify both `level` and `expr`\n"}}
[debug] [2026-02-23T19:34:01.215Z] I0223 19:34:01.214525     708 collector.go:107] schema extensions wrote into "/home/user/studio/dataconnect/.dataconnect/schema"
Generated sources: main/query.gql [15655B] main/mutation.gql [41655B] prelude.gql [73281B] main/implicit.gql [3267B] main/input.gql [122168B] main/relation.gql [51784B] 
I0223 19:34:01.214572     708 load.go:74] Finished reloading
 {"metadata":{"emulator":{"name":"dataconnect"},"message":"I0223 19:34:01.214525     708 collector.go:107] schema extensions wrote into \"/home/user/studio/dataconnect/.dataconnect/schema\"\nGenerated sources: main/query.gql [15655B] main/mutation.gql [41655B] prelude.gql [73281B] main/implicit.gql [3267B] main/input.gql [122168B] main/relation.gql [51784B] \nI0223 19:34:01.214572     708 load.go:74] Finished reloading\n"}}
[debug] [2026-02-23T19:34:58.787Z] I0223 19:34:58.786596     708 load.go:31] Reloading schema and connectors...
 {"metadata":{"emulator":{"name":"dataconnect"},"message":"I0223 19:34:58.786596     708 load.go:31] Reloading schema and connectors...\n"}}
[debug] [2026-02-23T19:34:59.179Z] W0223 19:34:59.177015     708 control.go:74] [/emulator/studio-v0 731a] connector "default" has errors: connector/queries.gql:4:1: On @auth: cannot specify both `level` and `expr`
connector/queries.gql:17:1: On @auth: cannot specify both `level` and `expr`
connector/queries.gql:48:1: On @auth: cannot specify both `level` and `expr`

sources: connector/mutations.gql [3114B] connector/queries.gql [2800B] 
I0223 19:34:59.177097     708 control.go:100] [/emulator/studio-v0 731a] UpdateResources(): done
Main schema: sources: schema/schema.gql [3721B] 
Connector "default": sources: connector/mutations.gql [3114B] connector/queries.gql [2800B] 
 {"metadata":{"emulator":{"name":"dataconnect"},"message":"W0223 19:34:59.177015     708 control.go:74] [/emulator/studio-v0 731a] connector \"default\" has errors: connector/queries.gql:4:1: On @auth: cannot specify both `level` and `expr`\nconnector/queries.gql:17:1: On @auth: cannot specify both `level` and `expr`\nconnector/queries.gql:48:1: On @auth: cannot specify both `level` and `expr`\n\nsources: connector/mutations.gql [3114B] connector/queries.gql [2800B] \nI0223 19:34:59.177097     708 control.go:100] [/emulator/studio-v0 731a] UpdateResources(): done\nMain schema: sources: schema/schema.gql [3721B] \nConnector \"default\": sources: connector/mutations.gql [3114B] connector/queries.gql [2800B] \n"}}
[debug] [2026-02-23T19:34:59.186Z] E0223 19:34:59.185297     708 load.go:73] Could not load sources: 
Errors: connector/queries.gql:4:1: On @auth: cannot specify both `level` and `expr`
connector/queries.gql:17:1: On @auth: cannot specify both `level` and `expr`
connector/queries.gql:48:1: On @auth: cannot specify both `level` and `expr`
 {"metadata":{"emulator":{"name":"dataconnect"},"message":"E0223 19:34:59.185297     708 load.go:73] Could not load sources: \nErrors: connector/queries.gql:4:1: On @auth: cannot specify both `level` and `expr`\nconnector/queries.gql:17:1: On @auth: cannot specify both `level` and `expr`\nconnector/queries.gql:48:1: On @auth: cannot specify both `level` and `expr`\n"}}
[debug] [2026-02-23T19:34:59.197Z] I0223 19:34:59.192899     708 collector.go:107] schema extensions wrote into "/home/user/studio/dataconnect/.dataconnect/schema"
Generated sources: prelude.gql [73281B] main/implicit.gql [3267B] main/input.gql [122168B] main/relation.gql [51784B] main/query.gql [15655B] main/mutation.gql [41655B] 
I0223 19:34:59.192946     708 load.go:74] Finished reloading
 {"metadata":{"emulator":{"name":"dataconnect"},"message":"I0223 19:34:59.192899     708 collector.go:107] schema extensions wrote into \"/home/user/studio/dataconnect/.dataconnect/schema\"\nGenerated sources: prelude.gql [73281B] main/implicit.gql [3267B] main/input.gql [122168B] main/relation.gql [51784B] main/query.gql [15655B] main/mutation.gql [41655B] \nI0223 19:34:59.192946     708 load.go:74] Finished reloading\n"}}
[debug] [2026-02-23T19:35:08.814Z] I0223 19:35:08.785424     708 load.go:31] Reloading schema and connectors...
 {"metadata":{"emulator":{"name":"dataconnect"},"message":"I0223 19:35:08.785424     708 load.go:31] Reloading schema and connectors...\n"}}
[debug] [2026-02-23T19:35:09.277Z] W0223 19:35:09.264842     708 control.go:74] [/emulator/studio-v0 be1f] connector "default" has errors: connector/queries.gql:4:1: On @auth: cannot specify both `level` and `expr`
connector/queries.gql:17:1: On @auth: cannot specify both `level` and `expr`
connector/queries.gql:48:1: On @auth: cannot specify both `level` and `expr`
connector/queries.gql:63:1: On @auth: cannot specify both `level` and `expr`
connector/queries.gql:73:1: On @auth: cannot specify both `level` and `expr`
connector/queries.gql:82:1: On @auth: cannot specify both `level` and `expr`

sources: connector/mutations.gql [3114B] connector/queries.gql [2866B] 
I0223 19:35:09.264911     708 control.go:100] [/emulator/studio-v0 be1f] UpdateResources(): done
Main schema: sources: schema/schema.gql [3721B] 
Connector "default": sources: connector/mutations.gql [3114B] connector/queries.gql [2866B] 
E0223 19:35:09.271621     708 load.go:73] Could not load sources: 
Errors: connector/queries.gql:4:1: On @auth: cannot specify both `level` and `expr`
connector/queries.gql:17:1: On @auth: cannot specify both `level` and `expr`
connector/queries.gql:48:1: On @auth: cannot specify both `level` and `expr`
connector/queries.gql:63:1: On @auth: cannot specify both `level` and `expr`
connector/queries.gql:73:1: On @auth: cannot specify both `level` and `expr`
connector/queries.gql:82:1: On @auth: cannot specify both `level` and `expr`
I0223 19:35:09.275315     708 collector.go:107] schema extensions wrote into "/home/user/studio/dataconnect/.dataconnect/schema"
Generated sources: prelude.gql [73281B] main/input.gql [122168B] main/relation.gql [51784B] main/query.gql [15655B] main/mutation.gql [41655B] main/implicit.gql [3267B] 
I0223 19:35:09.275460     708 load.go:74] Finished reloading
 {"metadata":{"emulator":{"name":"dataconnect"},"message":"W0223 19:35:09.264842     708 control.go:74] [/emulator/studio-v0 be1f] connector \"default\" has errors: connector/queries.gql:4:1: On @auth: cannot specify both `level` and `expr`\nconnector/queries.gql:17:1: On @auth: cannot specify both `level` and `expr`\nconnector/queries.gql:48:1: On @auth: cannot specify both `level` and `expr`\nconnector/queries.gql:63:1: On @auth: cannot specify both `level` and `expr`\nconnector/queries.gql:73:1: On @auth: cannot specify both `level` and `expr`\nconnector/queries.gql:82:1: On @auth: cannot specify both `level` and `expr`\n\nsources: connector/mutations.gql [3114B] connector/queries.gql [2866B] \nI0223 19:35:09.264911     708 control.go:100] [/emulator/studio-v0 be1f] UpdateResources(): done\nMain schema: sources: schema/schema.gql [3721B] \nConnector \"default\": sources: connector/mutations.gql [3114B] connector/queries.gql [2866B] \nE0223 19:35:09.271621     708 load.go:73] Could not load sources: \nErrors: connector/queries.gql:4:1: On @auth: cannot specify both `level` and `expr`\nconnector/queries.gql:17:1: On @auth: cannot specify both `level` and `expr`\nconnector/queries.gql:48:1: On @auth: cannot specify both `level` and `expr`\nconnector/queries.gql:63:1: On @auth: cannot specify both `level` and `expr`\nconnector/queries.gql:73:1: On @auth: cannot specify both `level` and `expr`\nconnector/queries.gql:82:1: On @auth: cannot specify both `level` and `expr`\nI0223 19:35:09.275315     708 collector.go:107] schema extensions wrote into \"/home/user/studio/dataconnect/.dataconnect/schema\"\nGenerated sources: prelude.gql [73281B] main/input.gql [122168B] main/relation.gql [51784B] main/query.gql [15655B] main/mutation.gql [41655B] main/implicit.gql [3267B] \nI0223 19:35:09.275460     708 load.go:74] Finished reloading\n"}}
[debug] [2026-02-23T19:35:18.778Z] I0223 19:35:18.777589     708 load.go:31] Reloading schema and connectors...
 {"metadata":{"emulator":{"name":"dataconnect"},"message":"I0223 19:35:18.777589     708 load.go:31] Reloading schema and connectors...\n"}}
[debug] [2026-02-23T19:35:18.965Z] W0223 19:35:18.964660     708 control.go:74] [/emulator/studio-v0 05c8] connector "default" has errors: connector/queries.gql:4:1: On @auth: cannot specify both `level` and `expr`
connector/queries.gql:17:1: On @auth: cannot specify both `level` and `expr`
connector/queries.gql:48:1: On @auth: cannot specify both `level` and `expr`
connector/queries.gql:63:1: On @auth: cannot specify both `level` and `expr`
connector/queries.gql:73:1: On @auth: cannot specify both `level` and `expr`
connector/queries.gql:82:1: On @auth: cannot specify both `level` and `expr`
connector/queries.gql:91:1: On @auth: cannot specify both `level` and `expr`
connector/queries.gql:102:1: On @auth: cannot specify both `level` and `expr`

sources: connector/mutations.gql [3114B] connector/queries.gql [2910B] 
I0223 19:35:18.964804     708 control.go:100] [/emulator/studio-v0 05c8] UpdateResources(): done
Main schema: sources: schema/schema.gql [3721B] 
Connector "default": sources: connector/queries.gql [2910B] connector/mutations.gql [3114B] 
 {"metadata":{"emulator":{"name":"dataconnect"},"message":"W0223 19:35:18.964660     708 control.go:74] [/emulator/studio-v0 05c8] connector \"default\" has errors: connector/queries.gql:4:1: On @auth: cannot specify both `level` and `expr`\nconnector/queries.gql:17:1: On @auth: cannot specify both `level` and `expr`\nconnector/queries.gql:48:1: On @auth: cannot specify both `level` and `expr`\nconnector/queries.gql:63:1: On @auth: cannot specify both `level` and `expr`\nconnector/queries.gql:73:1: On @auth: cannot specify both `level` and `expr`\nconnector/queries.gql:82:1: On @auth: cannot specify both `level` and `expr`\nconnector/queries.gql:91:1: On @auth: cannot specify both `level` and `expr`\nconnector/queries.gql:102:1: On @auth: cannot specify both `level` and `expr`\n\nsources: connector/mutations.gql [3114B] connector/queries.gql [2910B] \nI0223 19:35:18.964804     708 control.go:100] [/emulator/studio-v0 05c8] UpdateResources(): done\nMain schema: sources: schema/schema.gql [3721B] \nConnector \"default\": sources: connector/queries.gql [2910B] connector/mutations.gql [3114B] \n"}}
[debug] [2026-02-23T19:35:18.974Z] E0223 19:35:18.974251     708 load.go:73] Could not load sources: 
Errors: connector/queries.gql:4:1: On @auth: cannot specify both `level` and `expr`
connector/queries.gql:17:1: On @auth: cannot specify both `level` and `expr`
connector/queries.gql:48:1: On @auth: cannot specify both `level` and `expr`
connector/queries.gql:63:1: On @auth: cannot specify both `level` and `expr`
connector/queries.gql:73:1: On @auth: cannot specify both `level` and `expr`
connector/queries.gql:82:1: On @auth: cannot specify both `level` and `expr`
connector/queries.gql:91:1: On @auth: cannot specify both `level` and `expr`
connector/queries.gql:102:1: On @auth: cannot specify both `level` and `expr`
 {"metadata":{"emulator":{"name":"dataconnect"},"message":"E0223 19:35:18.974251     708 load.go:73] Could not load sources: \nErrors: connector/queries.gql:4:1: On @auth: cannot specify both `level` and `expr`\nconnector/queries.gql:17:1: On @auth: cannot specify both `level` and `expr`\nconnector/queries.gql:48:1: On @auth: cannot specify both `level` and `expr`\nconnector/queries.gql:63:1: On @auth: cannot specify both `level` and `expr`\nconnector/queries.gql:73:1: On @auth: cannot specify both `level` and `expr`\nconnector/queries.gql:82:1: On @auth: cannot specify both `level` and `expr`\nconnector/queries.gql:91:1: On @auth: cannot specify both `level` and `expr`\nconnector/queries.gql:102:1: On @auth: cannot specify both `level` and `expr`\n"}}
[debug] [2026-02-23T19:35:18.986Z] I0223 19:35:18.986035     708 collector.go:107] schema extensions wrote into "/home/user/studio/dataconnect/.dataconnect/schema"
Generated sources: main/implicit.gql [3267B] main/input.gql [122168B] main/relation.gql [51784B] prelude.gql [73281B] main/query.gql [15655B] main/mutation.gql [41655B] 
I0223 19:35:18.986085     708 load.go:74] Finished reloading
 {"metadata":{"emulator":{"name":"dataconnect"},"message":"I0223 19:35:18.986035     708 collector.go:107] schema extensions wrote into \"/home/user/studio/dataconnect/.dataconnect/schema\"\nGenerated sources: main/implicit.gql [3267B] main/input.gql [122168B] main/relation.gql [51784B] prelude.gql [73281B] main/query.gql [15655B] main/mutation.gql [41655B] \nI0223 19:35:18.986085     708 load.go:74] Finished reloading\n"}}
[debug] [2026-02-23T19:35:28.801Z] I0223 19:35:28.786514     708 load.go:31] Reloading schema and connectors...
 {"metadata":{"emulator":{"name":"dataconnect"},"message":"I0223 19:35:28.786514     708 load.go:31] Reloading schema and connectors...\n"}}
[debug] [2026-02-23T19:35:29.162Z] W0223 19:35:29.151083     708 control.go:74] [/emulator/studio-v0 92ae] connector "default" has errors: connector/queries.gql:4:1: On @auth: cannot specify both `level` and `expr`
connector/queries.gql:17:1: On @auth: cannot specify both `level` and `expr`
connector/queries.gql:48:1: On @auth: cannot specify both `level` and `expr`
connector/queries.gql:63:1: On @auth: cannot specify both `level` and `expr`
connector/queries.gql:73:1: On @auth: cannot specify both `level` and `expr`
connector/queries.gql:82:1: On @auth: cannot specify both `level` and `expr`
connector/queries.gql:91:1: On @auth: cannot specify both `level` and `expr`
connector/queries.gql:102:1: On @auth: cannot specify both `level` and `expr`
connector/queries.gql:110:1: On @auth: cannot specify both `level` and `expr`
connector/queries.gql:120:1: On @auth: cannot specify both `level` and `expr`

sources: connector/mutations.gql [3114B] connector/queries.gql [2954B] 
I0223 19:35:29.151197     708 control.go:100] [/emulator/studio-v0 92ae] UpdateResources(): done
Main schema: sources: schema/schema.gql [3721B] 
Connector "default": sources: connector/mutations.gql [3114B] connector/queries.gql [2954B] 
 {"metadata":{"emulator":{"name":"dataconnect"},"message":"W0223 19:35:29.151083     708 control.go:74] [/emulator/studio-v0 92ae] connector \"default\" has errors: connector/queries.gql:4:1: On @auth: cannot specify both `level` and `expr`\nconnector/queries.gql:17:1: On @auth: cannot specify both `level` and `expr`\nconnector/queries.gql:48:1: On @auth: cannot specify both `level` and `expr`\nconnector/queries.gql:63:1: On @auth: cannot specify both `level` and `expr`\nconnector/queries.gql:73:1: On @auth: cannot specify both `level` and `expr`\nconnector/queries.gql:82:1: On @auth: cannot specify both `level` and `expr`\nconnector/queries.gql:91:1: On @auth: cannot specify both `level` and `expr`\nconnector/queries.gql:102:1: On @auth: cannot specify both `level` and `expr`\nconnector/queries.gql:110:1: On @auth: cannot specify both `level` and `expr`\nconnector/queries.gql:120:1: On @auth: cannot specify both `level` and `expr`\n\nsources: connector/mutations.gql [3114B] connector/queries.gql [2954B] \nI0223 19:35:29.151197     708 control.go:100] [/emulator/studio-v0 92ae] UpdateResources(): done\nMain schema: sources: schema/schema.gql [3721B] \nConnector \"default\": sources: connector/mutations.gql [3114B] connector/queries.gql [2954B] \n"}}
[debug] [2026-02-23T19:35:29.190Z] E0223 19:35:29.175566     708 load.go:73] Could not load sources: 
Errors: connector/queries.gql:4:1: On @auth: cannot specify both `level` and `expr`
connector/queries.gql:17:1: On @auth: cannot specify both `level` and `expr`
connector/queries.gql:48:1: On @auth: cannot specify both `level` and `expr`
connector/queries.gql:63:1: On @auth: cannot specify both `level` and `expr`
connector/queries.gql:73:1: On @auth: cannot specify both `level` and `expr`
connector/queries.gql:82:1: On @auth: cannot specify both `level` and `expr`
connector/queries.gql:91:1: On @auth: cannot specify both `level` and `expr`
connector/queries.gql:102:1: On @auth: cannot specify both `level` and `expr`
connector/queries.gql:110:1: On @auth: cannot specify both `level` and `expr`
connector/queries.gql:120:1: On @auth: cannot specify both `level` and `expr`
I0223 19:35:29.180414     708 collector.go:107] schema extensions wrote into "/home/user/studio/dataconnect/.dataconnect/schema"
Generated sources: main/query.gql [15655B] prelude.gql [73281B] main/mutation.gql [41655B] main/implicit.gql [3267B] main/input.gql [122168B] main/relation.gql [51784B] 
I0223 19:35:29.180455     708 load.go:74] Finished reloading
 {"metadata":{"emulator":{"name":"dataconnect"},"message":"E0223 19:35:29.175566     708 load.go:73] Could not load sources: \nErrors: connector/queries.gql:4:1: On @auth: cannot specify both `level` and `expr`\nconnector/queries.gql:17:1: On @auth: cannot specify both `level` and `expr`\nconnector/queries.gql:48:1: On @auth: cannot specify both `level` and `expr`\nconnector/queries.gql:63:1: On @auth: cannot specify both `level` and `expr`\nconnector/queries.gql:73:1: On @auth: cannot specify both `level` and `expr`\nconnector/queries.gql:82:1: On @auth: cannot specify both `level` and `expr`\nconnector/queries.gql:91:1: On @auth: cannot specify both `level` and `expr`\nconnector/queries.gql:102:1: On @auth: cannot specify both `level` and `expr`\nconnector/queries.gql:110:1: On @auth: cannot specify both `level` and `expr`\nconnector/queries.gql:120:1: On @auth: cannot specify both `level` and `expr`\nI0223 19:35:29.180414     708 collector.go:107] schema extensions wrote into \"/home/user/studio/dataconnect/.dataconnect/schema\"\nGenerated sources: main/query.gql [15655B] prelude.gql [73281B] main/mutation.gql [41655B] main/implicit.gql [3267B] main/input.gql [122168B] main/relation.gql [51784B] \nI0223 19:35:29.180455     708 load.go:74] Finished reloading\n"}}
[debug] [2026-02-23T19:35:38.790Z] I0223 19:35:38.785350     708 load.go:31] Reloading schema and connectors...
 {"metadata":{"emulator":{"name":"dataconnect"},"message":"I0223 19:35:38.785350     708 load.go:31] Reloading schema and connectors...\n"}}
[debug] [2026-02-23T19:35:39.093Z] W0223 19:35:39.092512     708 control.go:74] [/emulator/studio-v0 5137] connector "default" has errors: connector/queries.gql:4:1: On @auth: cannot specify both `level` and `expr`
connector/queries.gql:17:1: On @auth: cannot specify both `level` and `expr`
connector/queries.gql:48:1: On @auth: cannot specify both `level` and `expr`
connector/queries.gql:63:1: On @auth: cannot specify both `level` and `expr`
connector/queries.gql:73:1: On @auth: cannot specify both `level` and `expr`
connector/queries.gql:82:1: On @auth: cannot specify both `level` and `expr`
connector/queries.gql:91:1: On @auth: cannot specify both `level` and `expr`
connector/queries.gql:102:1: On @auth: cannot specify both `level` and `expr`
connector/queries.gql:110:1: On @auth: cannot specify both `level` and `expr`
connector/queries.gql:120:1: On @auth: cannot specify both `level` and `expr`
connector/queries.gql:131:1: On @auth: cannot specify both `level` and `expr`
connector/queries.gql:140:1: On @auth: cannot specify both `level` and `expr`

sources: connector/mutations.gql [3114B] connector/queries.gql [2998B] 
 {"metadata":{"emulator":{"name":"dataconnect"},"message":"W0223 19:35:39.092512     708 control.go:74] [/emulator/studio-v0 5137] connector \"default\" has errors: connector/queries.gql:4:1: On @auth: cannot specify both `level` and `expr`\nconnector/queries.gql:17:1: On @auth: cannot specify both `level` and `expr`\nconnector/queries.gql:48:1: On @auth: cannot specify both `level` and `expr`\nconnector/queries.gql:63:1: On @auth: cannot specify both `level` and `expr`\nconnector/queries.gql:73:1: On @auth: cannot specify both `level` and `expr`\nconnector/queries.gql:82:1: On @auth: cannot specify both `level` and `expr`\nconnector/queries.gql:91:1: On @auth: cannot specify both `level` and `expr`\nconnector/queries.gql:102:1: On @auth: cannot specify both `level` and `expr`\nconnector/queries.gql:110:1: On @auth: cannot specify both `level` and `expr`\nconnector/queries.gql:120:1: On @auth: cannot specify both `level` and `expr`\nconnector/queries.gql:131:1: On @auth: cannot specify both `level` and `expr`\nconnector/queries.gql:140:1: On @auth: cannot specify both `level` and `expr`\n\nsources: connector/mutations.gql [3114B] connector/queries.gql [2998B] \n"}}
[debug] [2026-02-23T19:35:39.095Z] I0223 19:35:39.094720     708 control.go:100] [/emulator/studio-v0 5137] UpdateResources(): done
Main schema: sources: schema/schema.gql [3721B] 
Connector "default": sources: connector/mutations.gql [3114B] connector/queries.gql [2998B] 
 {"metadata":{"emulator":{"name":"dataconnect"},"message":"I0223 19:35:39.094720     708 control.go:100] [/emulator/studio-v0 5137] UpdateResources(): done\nMain schema: sources: schema/schema.gql [3721B] \nConnector \"default\": sources: connector/mutations.gql [3114B] connector/queries.gql [2998B] \n"}}
[debug] [2026-02-23T19:35:39.108Z] E0223 19:35:39.106570     708 load.go:73] Could not load sources: 
Errors: connector/queries.gql:4:1: On @auth: cannot specify both `level` and `expr`
connector/queries.gql:17:1: On @auth: cannot specify both `level` and `expr`
connector/queries.gql:48:1: On @auth: cannot specify both `level` and `expr`
connector/queries.gql:63:1: On @auth: cannot specify both `level` and `expr`
connector/queries.gql:73:1: On @auth: cannot specify both `level` and `expr`
connector/queries.gql:82:1: On @auth: cannot specify both `level` and `expr`
connector/queries.gql:91:1: On @auth: cannot specify both `level` and `expr`
connector/queries.gql:102:1: On @auth: cannot specify both `level` and `expr`
connector/queries.gql:110:1: On @auth: cannot specify both `level` and `expr`
connector/queries.gql:120:1: On @auth: cannot specify both `level` and `expr`
connector/queries.gql:131:1: On @auth: cannot specify both `level` and `expr`
connector/queries.gql:140:1: On @auth: cannot specify both `level` and `expr`
I0223 19:35:39.108049     708 collector.go:107] schema extensions wrote into "/home/user/studio/dataconnect/.dataconnect/schema"
Generated sources: prelude.gql [73281B] main/relation.gql [51784B] main/query.gql [15655B] main/mutation.gql [41655B] main/implicit.gql [3267B] main/input.gql [122168B] 
I0223 19:35:39.108085     708 load.go:74] Finished reloading
 {"metadata":{"emulator":{"name":"dataconnect"},"message":"E0223 19:35:39.106570     708 load.go:73] Could not load sources: \nErrors: connector/queries.gql:4:1: On @auth: cannot specify both `level` and `expr`\nconnector/queries.gql:17:1: On @auth: cannot specify both `level` and `expr`\nconnector/queries.gql:48:1: On @auth: cannot specify both `level` and `expr`\nconnector/queries.gql:63:1: On @auth: cannot specify both `level` and `expr`\nconnector/queries.gql:73:1: On @auth: cannot specify both `level` and `expr`\nconnector/queries.gql:82:1: On @auth: cannot specify both `level` and `expr`\nconnector/queries.gql:91:1: On @auth: cannot specify both `level` and `expr`\nconnector/queries.gql:102:1: On @auth: cannot specify both `level` and `expr`\nconnector/queries.gql:110:1: On @auth: cannot specify both `level` and `expr`\nconnector/queries.gql:120:1: On @auth: cannot specify both `level` and `expr`\nconnector/queries.gql:131:1: On @auth: cannot specify both `level` and `expr`\nconnector/queries.gql:140:1: On @auth: cannot specify both `level` and `expr`\nI0223 19:35:39.108049     708 collector.go:107] schema extensions wrote into \"/home/user/studio/dataconnect/.dataconnect/schema\"\nGenerated sources: prelude.gql [73281B] main/relation.gql [51784B] main/query.gql [15655B] main/mutation.gql [41655B] main/implicit.gql [3267B] main/input.gql [122168B] \nI0223 19:35:39.108085     708 load.go:74] Finished reloading\n"}}
[debug] [2026-02-23T19:35:58.787Z] I0223 19:35:58.787323     708 load.go:31] Reloading schema and connectors...
 {"metadata":{"emulator":{"name":"dataconnect"},"message":"I0223 19:35:58.787323     708 load.go:31] Reloading schema and connectors...\n"}}
[debug] [2026-02-23T19:35:59.069Z] W0223 19:35:59.069186     708 control.go:74] [/emulator/studio-v0 5467] connector "default" has errors: connector/mutations.gql:8:1: On @auth: cannot specify both `level` and `expr`
connector/mutations.gql:11:1: On @auth: cannot specify both `level` and `expr`
connector/mutations.gql:26:1: On @auth: cannot specify both `level` and `expr`
connector/queries.gql:4:1: On @auth: cannot specify both `level` and `expr`
connector/queries.gql:17:1: On @auth: cannot specify both `level` and `expr`
connector/queries.gql:48:1: On @auth: cannot specify both `level` and `expr`
connector/queries.gql:63:1: On @auth: cannot specify both `level` and `expr`
connector/queries.gql:73:1: On @auth: cannot specify both `level` and `expr`
connector/queries.gql:82:1: On @auth: cannot specify both `level` and `expr`
connector/queries.gql:91:1: On @auth: cannot specify both `level` and `expr`
connector/queries.gql:102:1: On @auth: cannot specify both `level` and `expr`
connector/queries.gql:110:1: On @auth: cannot specify both `level` and `expr`
connector/queries.gql:120:1: On @auth: cannot specify both `level` and `expr`
connector/queries.gql:131:1: On @auth: cannot specify both `level` and `expr`
connector/queries.gql:140:1: On @auth: cannot specify both `level` and `expr`

sources: connector/mutations.gql [3180B] connector/queries.gql [2998B] 
I0223 19:35:59.069303     708 control.go:100] [/emulator/studio-v0 5467] UpdateResources(): done
Main schema: sources: schema/schema.gql [3721B] 
Connector "default": sources: connector/queries.gql [2998B] connector/mutations.gql [3180B] 
 {"metadata":{"emulator":{"name":"dataconnect"},"message":"W0223 19:35:59.069186     708 control.go:74] [/emulator/studio-v0 5467] connector \"default\" has errors: connector/mutations.gql:8:1: On @auth: cannot specify both `level` and `expr`\nconnector/mutations.gql:11:1: On @auth: cannot specify both `level` and `expr`\nconnector/mutations.gql:26:1: On @auth: cannot specify both `level` and `expr`\nconnector/queries.gql:4:1: On @auth: cannot specify both `level` and `expr`\nconnector/queries.gql:17:1: On @auth: cannot specify both `level` and `expr`\nconnector/queries.gql:48:1: On @auth: cannot specify both `level` and `expr`\nconnector/queries.gql:63:1: On @auth: cannot specify both `level` and `expr`\nconnector/queries.gql:73:1: On @auth: cannot specify both `level` and `expr`\nconnector/queries.gql:82:1: On @auth: cannot specify both `level` and `expr`\nconnector/queries.gql:91:1: On @auth: cannot specify both `level` and `expr`\nconnector/queries.gql:102:1: On @auth: cannot specify both `level` and `expr`\nconnector/queries.gql:110:1: On @auth: cannot specify both `level` and `expr`\nconnector/queries.gql:120:1: On @auth: cannot specify both `level` and `expr`\nconnector/queries.gql:131:1: On @auth: cannot specify both `level` and `expr`\nconnector/queries.gql:140:1: On @auth: cannot specify both `level` and `expr`\n\nsources: connector/mutations.gql [3180B] connector/queries.gql [2998B] \nI0223 19:35:59.069303     708 control.go:100] [/emulator/studio-v0 5467] UpdateResources(): done\nMain schema: sources: schema/schema.gql [3721B] \nConnector \"default\": sources: connector/queries.gql [2998B] connector/mutations.gql [3180B] \n"}}
[debug] [2026-02-23T19:35:59.082Z] E0223 19:35:59.078917     708 load.go:73] Could not load sources: 
Errors: connector/mutations.gql:8:1: On @auth: cannot specify both `level` and `expr`
connector/mutations.gql:11:1: On @auth: cannot specify both `level` and `expr`
connector/mutations.gql:26:1: On @auth: cannot specify both `level` and `expr`
connector/queries.gql:4:1: On @auth: cannot specify both `level` and `expr`
connector/queries.gql:17:1: On @auth: cannot specify both `level` and `expr`
connector/queries.gql:48:1: On @auth: cannot specify both `level` and `expr`
connector/queries.gql:63:1: On @auth: cannot specify both `level` and `expr`
connector/queries.gql:73:1: On @auth: cannot specify both `level` and `expr`
connector/queries.gql:82:1: On @auth: cannot specify both `level` and `expr`
connector/queries.gql:91:1: On @auth: cannot specify both `level` and `expr`
connector/queries.gql:102:1: On @auth: cannot specify both `level` and `expr`
connector/queries.gql:110:1: On @auth: cannot specify both `level` and `expr`
connector/queries.gql:120:1: On @auth: cannot specify both `level` and `expr`
connector/queries.gql:131:1: On @auth: cannot specify both `level` and `expr`
connector/queries.gql:140:1: On @auth: cannot specify both `level` and `expr`
I0223 19:35:59.081279     708 collector.go:107] schema extensions wrote into "/home/user/studio/dataconnect/.dataconnect/schema"
Generated sources: main/relation.gql [51784B] main/query.gql [15655B] prelude.gql [73281B] main/mutation.gql [41655B] main/implicit.gql [3267B] main/input.gql [122168B] 
I0223 19:35:59.081316     708 load.go:74] Finished reloading
 {"metadata":{"emulator":{"name":"dataconnect"},"message":"E0223 19:35:59.078917     708 load.go:73] Could not load sources: \nErrors: connector/mutations.gql:8:1: On @auth: cannot specify both `level` and `expr`\nconnector/mutations.gql:11:1: On @auth: cannot specify both `level` and `expr`\nconnector/mutations.gql:26:1: On @auth: cannot specify both `level` and `expr`\nconnector/queries.gql:4:1: On @auth: cannot specify both `level` and `expr`\nconnector/queries.gql:17:1: On @auth: cannot specify both `level` and `expr`\nconnector/queries.gql:48:1: On @auth: cannot specify both `level` and `expr`\nconnector/queries.gql:63:1: On @auth: cannot specify both `level` and `expr`\nconnector/queries.gql:73:1: On @auth: cannot specify both `level` and `expr`\nconnector/queries.gql:82:1: On @auth: cannot specify both `level` and `expr`\nconnector/queries.gql:91:1: On @auth: cannot specify both `level` and `expr`\nconnector/queries.gql:102:1: On @auth: cannot specify both `level` and `expr`\nconnector/queries.gql:110:1: On @auth: cannot specify both `level` and `expr`\nconnector/queries.gql:120:1: On @auth: cannot specify both `level` and `expr`\nconnector/queries.gql:131:1: On @auth: cannot specify both `level` and `expr`\nconnector/queries.gql:140:1: On @auth: cannot specify both `level` and `expr`\nI0223 19:35:59.081279     708 collector.go:107] schema extensions wrote into \"/home/user/studio/dataconnect/.dataconnect/schema\"\nGenerated sources: main/relation.gql [51784B] main/query.gql [15655B] prelude.gql [73281B] main/mutation.gql [41655B] main/implicit.gql [3267B] main/input.gql [122168B] \nI0223 19:35:59.081316     708 load.go:74] Finished reloading\n"}}
[debug] [2026-02-23T19:36:08.787Z] I0223 19:36:08.785527     708 load.go:31] Reloading schema and connectors...
 {"metadata":{"emulator":{"name":"dataconnect"},"message":"I0223 19:36:08.785527     708 load.go:31] Reloading schema and connectors...\n"}}
[debug] [2026-02-23T19:36:08.974Z] W0223 19:36:08.973564     708 control.go:74] [/emulator/studio-v0 ec1e] connector "default" has errors: connector/mutations.gql:8:1: On @auth: cannot specify both `level` and `expr`
connector/mutations.gql:11:1: On @auth: cannot specify both `level` and `expr`
connector/mutations.gql:26:1: On @auth: cannot specify both `level` and `expr`
connector/mutations.gql:43:1: On @auth: cannot specify both `level` and `expr`
connector/mutations.gql:57:1: On @auth: cannot specify both `level` and `expr`
connector/queries.gql:4:1: On @auth: cannot specify both `level` and `expr`
connector/queries.gql:17:1: On @auth: cannot specify both `level` and `expr`
connector/queries.gql:48:1: On @auth: cannot specify both `level` and `expr`
connector/queries.gql:63:1: On @auth: cannot specify both `level` and `expr`
connector/queries.gql:73:1: On @auth: cannot specify both `level` and `expr`
connector/queries.gql:82:1: On @auth: cannot specify both `level` and `expr`
connector/queries.gql:91:1: On @auth: cannot specify both `level` and `expr`
connector/queries.gql:102:1: On @auth: cannot specify both `level` and `expr`
connector/queries.gql:110:1: On @auth: cannot specify both `level` and `expr`
connector/queries.gql:120:1: On @auth: cannot specify both `level` and `expr`
connector/queries.gql:131:1: On @auth: cannot specify both `level` and `expr`
connector/queries.gql:140:1: On @auth: cannot specify both `level` and `expr`

sources: connector/mutations.gql [3224B] connector/queries.gql [2998B] 
I0223 19:36:08.973695     708 control.go:100] [/emulator/studio-v0 ec1e] UpdateResources(): done
Main schema: sources: schema/schema.gql [3721B] 
Connector "default": sources: connector/mutations.gql [3224B] connector/queries.gql [2998B] 
 {"metadata":{"emulator":{"name":"dataconnect"},"message":"W0223 19:36:08.973564     708 control.go:74] [/emulator/studio-v0 ec1e] connector \"default\" has errors: connector/mutations.gql:8:1: On @auth: cannot specify both `level` and `expr`\nconnector/mutations.gql:11:1: On @auth: cannot specify both `level` and `expr`\nconnector/mutations.gql:26:1: On @auth: cannot specify both `level` and `expr`\nconnector/mutations.gql:43:1: On @auth: cannot specify both `level` and `expr`\nconnector/mutations.gql:57:1: On @auth: cannot specify both `level` and `expr`\nconnector/queries.gql:4:1: On @auth: cannot specify both `level` and `expr`\nconnector/queries.gql:17:1: On @auth: cannot specify both `level` and `expr`\nconnector/queries.gql:48:1: On @auth: cannot specify both `level` and `expr`\nconnector/queries.gql:63:1: On @auth: cannot specify both `level` and `expr`\nconnector/queries.gql:73:1: On @auth: cannot specify both `level` and `expr`\nconnector/queries.gql:82:1: On @auth: cannot specify both `level` and `expr`\nconnector/queries.gql:91:1: On @auth: cannot specify both `level` and `expr`\nconnector/queries.gql:102:1: On @auth: cannot specify both `level` and `expr`\nconnector/queries.gql:110:1: On @auth: cannot specify both `level` and `expr`\nconnector/queries.gql:120:1: On @auth: cannot specify both `level` and `expr`\nconnector/queries.gql:131:1: On @auth: cannot specify both `level` and `expr`\nconnector/queries.gql:140:1: On @auth: cannot specify both `level` and `expr`\n\nsources: connector/mutations.gql [3224B] connector/queries.gql [2998B] \nI0223 19:36:08.973695     708 control.go:100] [/emulator/studio-v0 ec1e] UpdateResources(): done\nMain schema: sources: schema/schema.gql [3721B] \nConnector \"default\": sources: connector/mutations.gql [3224B] connector/queries.gql [2998B] \n"}}
[debug] [2026-02-23T19:36:08.983Z] E0223 19:36:08.983544     708 load.go:73] Could not load sources: 
Errors: connector/mutations.gql:8:1: On @auth: cannot specify both `level` and `expr`
connector/mutations.gql:11:1: On @auth: cannot specify both `level` and `expr`
connector/mutations.gql:26:1: On @auth: cannot specify both `level` and `expr`
connector/mutations.gql:43:1: On @auth: cannot specify both `level` and `expr`
connector/mutations.gql:57:1: On @auth: cannot specify both `level` and `expr`
connector/queries.gql:4:1: On @auth: cannot specify both `level` and `expr`
connector/queries.gql:17:1: On @auth: cannot specify both `level` and `expr`
connector/queries.gql:48:1: On @auth: cannot specify both `level` and `expr`
connector/queries.gql:63:1: On @auth: cannot specify both `level` and `expr`
connector/queries.gql:73:1: On @auth: cannot specify both `level` and `expr`
connector/queries.gql:82:1: On @auth: cannot specify both `level` and `expr`
connector/queries.gql:91:1: On @auth: cannot specify both `level` and `expr`
connector/queries.gql:102:1: On @auth: cannot specify both `level` and `expr`
connector/queries.gql:110:1: On @auth: cannot specify both `level` and `expr`
connector/queries.gql:120:1: On @auth: cannot specify both `level` and `expr`
connector/queries.gql:131:1: On @auth: cannot specify both `level` and `expr`
connector/queries.gql:140:1: On @auth: cannot specify both `level` and `expr`
 {"metadata":{"emulator":{"name":"dataconnect"},"message":"E0223 19:36:08.983544     708 load.go:73] Could not load sources: \nErrors: connector/mutations.gql:8:1: On @auth: cannot specify both `level` and `expr`\nconnector/mutations.gql:11:1: On @auth: cannot specify both `level` and `expr`\nconnector/mutations.gql:26:1: On @auth: cannot specify both `level` and `expr`\nconnector/mutations.gql:43:1: On @auth: cannot specify both `level` and `expr`\nconnector/mutations.gql:57:1: On @auth: cannot specify both `level` and `expr`\nconnector/queries.gql:4:1: On @auth: cannot specify both `level` and `expr`\nconnector/queries.gql:17:1: On @auth: cannot specify both `level` and `expr`\nconnector/queries.gql:48:1: On @auth: cannot specify both `level` and `expr`\nconnector/queries.gql:63:1: On @auth: cannot specify both `level` and `expr`\nconnector/queries.gql:73:1: On @auth: cannot specify both `level` and `expr`\nconnector/queries.gql:82:1: On @auth: cannot specify both `level` and `expr`\nconnector/queries.gql:91:1: On @auth: cannot specify both `level` and `expr`\nconnector/queries.gql:102:1: On @auth: cannot specify both `level` and `expr`\nconnector/queries.gql:110:1: On @auth: cannot specify both `level` and `expr`\nconnector/queries.gql:120:1: On @auth: cannot specify both `level` and `expr`\nconnector/queries.gql:131:1: On @auth: cannot specify both `level` and `expr`\nconnector/queries.gql:140:1: On @auth: cannot specify both `level` and `expr`\n"}}
[debug] [2026-02-23T19:36:08.989Z] I0223 19:36:08.988185     708 collector.go:107] schema extensions wrote into "/home/user/studio/dataconnect/.dataconnect/schema"
Generated sources: prelude.gql [73281B] main/mutation.gql [41655B] main/implicit.gql [3267B] main/input.gql [122168B] main/relation.gql [51784B] main/query.gql [15655B] 
I0223 19:36:08.988228     708 load.go:74] Finished reloading
 {"metadata":{"emulator":{"name":"dataconnect"},"message":"I0223 19:36:08.988185     708 collector.go:107] schema extensions wrote into \"/home/user/studio/dataconnect/.dataconnect/schema\"\nGenerated sources: prelude.gql [73281B] main/mutation.gql [41655B] main/implicit.gql [3267B] main/input.gql [122168B] main/relation.gql [51784B] main/query.gql [15655B] \nI0223 19:36:08.988228     708 load.go:74] Finished reloading\n"}}
[info] [Firebase Plugin] Stopping Data Connect toolkit
[warn] ⚠  Data Connect Emulator has exited upon receiving signal: SIGINT 
[debug] [2026-02-23T20:36:09.702Z] [Firebase Plugin] Activating Firebase extension.
[debug] [2026-02-23T20:36:24.032Z] [Firebase Plugin] requireAuthWrapper
[debug] [2026-02-23T20:36:24.036Z] > command requires scopes: ["email","openid","https://www.googleapis.com/auth/cloudplatformprojects.readonly","https://www.googleapis.com/auth/firebase","https://www.googleapis.com/auth/cloud-platform","https://www.googleapis.com/auth/userinfo.email"]
[debug] [2026-02-23T20:36:24.038Z] > authorizing via signed-in user (lumacx@gmail.com)
[debug] [2026-02-23T20:36:24.046Z] Checked if tokens are valid: true, expires at: 1771880772915
[debug] [2026-02-23T20:36:24.047Z] Checked if tokens are valid: true, expires at: 1771880772915
[debug] [2026-02-23T20:36:24.048Z] [Firebase Plugin] User found:  lumacx@gmail.com
[info] [Firebase Plugin] (Core:Project) New user detected, fetching projects
[debug] [2026-02-23T20:36:24.052Z] Checked if tokens are valid: true, expires at: 1771880772915
[debug] [2026-02-23T20:36:24.056Z] >>> [apiv2][query] GET https://firebase.googleapis.com/v1beta1/projects pageSize=1000
[debug] [2026-02-23T20:36:24.156Z] [Firebase Plugin] VSCode notification server listening on port 40001
[debug] [2026-02-23T20:36:24.932Z] <<< [apiv2][status] GET https://firebase.googleapis.com/v1beta1/projects 200
[debug] [2026-02-23T20:36:24.941Z] <<< [apiv2][body] GET https://firebase.googleapis.com/v1beta1/projects [omitted]
[info] [Firebase Plugin] Starting Data Connect toolkit (version 3.1.1) on port 50001
[info] i  dataconnect: downloading dataconnect-emulator-3.1.1... {"metadata":{"emulator":{"name":"dataconnect"},"message":"downloading dataconnect-emulator-3.1.1..."}}
[debug] [2026-02-23T20:36:27.848Z] >>> [apiv2][query] GET https://storage.googleapis.com/firemat-preview-drop/emulator/dataconnect-emulator-linux-amd64-v3.1.1 
[debug] [2026-02-23T20:36:28.929Z] <<< [apiv2][status] GET https://storage.googleapis.com/firemat-preview-drop/emulator/dataconnect-emulator-linux-amd64-v3.1.1 200
[debug] [2026-02-23T20:36:28.930Z] <<< [apiv2][body] GET https://storage.googleapis.com/firemat-preview-drop/emulator/dataconnect-emulator-linux-amd64-v3.1.1 [stream]
[info] i  dataconnect: Removing outdated emulator files: dataconnect-emulator-2.17.3 {"metadata":{"emulator":{"name":"dataconnect"},"message":"Removing outdated emulator files: dataconnect-emulator-2.17.3"}}
[debug] [2026-02-23T20:36:34.137Z] W0223 20:36:34.128959   20357 control.go:74] [/emulator/studio-v0 eb80] connector "default" has errors: connector/mutations.gql:8:1: On @auth: cannot specify both `level` and `expr`
connector/mutations.gql:11:1: On @auth: cannot specify both `level` and `expr`
connector/mutations.gql:26:1: On @auth: cannot specify both `level` and `expr`
connector/mutations.gql:43:1: On @auth: cannot specify both `level` and `expr`
connector/mutations.gql:57:1: On @auth: cannot specify both `level` and `expr`
connector/queries.gql:4:1: On @auth: cannot specify both `level` and `expr`
connector/queries.gql:17:1: On @auth: cannot specify both `level` and `expr`
connector/queries.gql:48:1: On @auth: cannot specify both `level` and `expr`
connector/queries.gql:63:1: On @auth: cannot specify both `level` and `expr`
connector/queries.gql:73:1: On @auth: cannot specify both `level` and `expr`
connector/queries.gql:82:1: On @auth: cannot specify both `level` and `expr`
connector/queries.gql:91:1: On @auth: cannot specify both `level` and `expr`
connector/queries.gql:102:1: On @auth: cannot specify both `level` and `expr`
connector/queries.gql:110:1: On @auth: cannot specify both `level` and `expr`
connector/queries.gql:120:1: On @auth: cannot specify both `level` and `expr`
connector/queries.gql:131:1: On @auth: cannot specify both `level` and `expr`
connector/queries.gql:140:1: On @auth: cannot specify both `level` and `expr`

sources: connector/mutations.gql [3224B] connector/queries.gql [2998B] 
I0223 20:36:34.129224   20357 control.go:100] [/emulator/studio-v0 eb80] UpdateResources(): done
Main schema: sources: schema/schema.gql [3721B] 
Connector "default": sources: connector/mutations.gql [3224B] connector/queries.gql [2998B] 
 {"metadata":{"emulator":{"name":"dataconnect"},"message":"W0223 20:36:34.128959   20357 control.go:74] [/emulator/studio-v0 eb80] connector \"default\" has errors: connector/mutations.gql:8:1: On @auth: cannot specify both `level` and `expr`\nconnector/mutations.gql:11:1: On @auth: cannot specify both `level` and `expr`\nconnector/mutations.gql:26:1: On @auth: cannot specify both `level` and `expr`\nconnector/mutations.gql:43:1: On @auth: cannot specify both `level` and `expr`\nconnector/mutations.gql:57:1: On @auth: cannot specify both `level` and `expr`\nconnector/queries.gql:4:1: On @auth: cannot specify both `level` and `expr`\nconnector/queries.gql:17:1: On @auth: cannot specify both `level` and `expr`\nconnector/queries.gql:48:1: On @auth: cannot specify both `level` and `expr`\nconnector/queries.gql:63:1: On @auth: cannot specify both `level` and `expr`\nconnector/queries.gql:73:1: On @auth: cannot specify both `level` and `expr`\nconnector/queries.gql:82:1: On @auth: cannot specify both `level` and `expr`\nconnector/queries.gql:91:1: On @auth: cannot specify both `level` and `expr`\nconnector/queries.gql:102:1: On @auth: cannot specify both `level` and `expr`\nconnector/queries.gql:110:1: On @auth: cannot specify both `level` and `expr`\nconnector/queries.gql:120:1: On @auth: cannot specify both `level` and `expr`\nconnector/queries.gql:131:1: On @auth: cannot specify both `level` and `expr`\nconnector/queries.gql:140:1: On @auth: cannot specify both `level` and `expr`\n\nsources: connector/mutations.gql [3224B] connector/queries.gql [2998B] \nI0223 20:36:34.129224   20357 control.go:100] [/emulator/studio-v0 eb80] UpdateResources(): done\nMain schema: sources: schema/schema.gql [3721B] \nConnector \"default\": sources: connector/mutations.gql [3224B] connector/queries.gql [2998B] \n"}}
[debug] [2026-02-23T20:36:34.141Z] Ignoring unsupported arg: auto_download {"metadata":{"emulator":{"name":"dataconnect"},"message":"Ignoring unsupported arg: auto_download"}}
[debug] [2026-02-23T20:36:34.142Z] Ignoring unsupported arg: port {"metadata":{"emulator":{"name":"dataconnect"},"message":"Ignoring unsupported arg: port"}}
[debug] [2026-02-23T20:36:34.142Z] Starting Data Connect Emulator with command {"binary":"/home/user/.cache/firebase/emulators/dataconnect-emulator-3.1.1","args":["--logtostderr","-v=2","dev","--listen=localhost:50001","--config_dir=/home/user/studio/dataconnect","--enable_output_schema_extensions=true","--enable_output_generated_sdk=true"],"optionalArgs":["listen","config_dir","enable_output_schema_extensions","enable_output_generated_sdk"],"joinArgs":true,"shell":false,"port":9399} {"metadata":{"emulator":{"name":"dataconnect"},"message":"Starting Data Connect Emulator with command {\"binary\":\"/home/user/.cache/firebase/emulators/dataconnect-emulator-3.1.1\",\"args\":[\"--logtostderr\",\"-v=2\",\"dev\",\"--listen=localhost:50001\",\"--config_dir=/home/user/studio/dataconnect\",\"--enable_output_schema_extensions=true\",\"--enable_output_generated_sdk=true\"],\"optionalArgs\":[\"listen\",\"config_dir\",\"enable_output_schema_extensions\",\"enable_output_generated_sdk\"],\"joinArgs\":true,\"shell\":false,\"port\":9399}"}}
[info] i  dataconnect: Data Connect Emulator logging to dataconnect-debug.log {"metadata":{"emulator":{"name":"dataconnect"},"message":"Data Connect Emulator logging to dataconnect-debug.log"}}
[debug] [2026-02-23T20:36:34.256Z] I0223 20:36:34.234588   20362 load.go:31] Reloading schema and connectors...
 {"metadata":{"emulator":{"name":"dataconnect"},"message":"I0223 20:36:34.234588   20362 load.go:31] Reloading schema and connectors...\n"}}
[debug] [2026-02-23T20:36:34.945Z] W0223 20:36:34.884910   20362 control.go:74] [/emulator/studio-v0 6136] connector "default" has errors: connector/mutations.gql:8:1: On @auth: cannot specify both `level` and `expr`
connector/mutations.gql:11:1: On @auth: cannot specify both `level` and `expr`
connector/mutations.gql:26:1: On @auth: cannot specify both `level` and `expr`
connector/mutations.gql:43:1: On @auth: cannot specify both `level` and `expr`
connector/mutations.gql:57:1: On @auth: cannot specify both `level` and `expr`
connector/queries.gql:4:1: On @auth: cannot specify both `level` and `expr`
connector/queries.gql:17:1: On @auth: cannot specify both `level` and `expr`
connector/queries.gql:48:1: On @auth: cannot specify both `level` and `expr`
connector/queries.gql:63:1: On @auth: cannot specify both `level` and `expr`
connector/queries.gql:73:1: On @auth: cannot specify both `level` and `expr`
connector/queries.gql:82:1: On @auth: cannot specify both `level` and `expr`
connector/queries.gql:91:1: On @auth: cannot specify both `level` and `expr`
connector/queries.gql:102:1: On @auth: cannot specify both `level` and `expr`
connector/queries.gql:110:1: On @auth: cannot specify both `level` and `expr`
connector/queries.gql:120:1: On @auth: cannot specify both `level` and `expr`
connector/queries.gql:131:1: On @auth: cannot specify both `level` and `expr`
connector/queries.gql:140:1: On @auth: cannot specify both `level` and `expr`

sources: connector/mutations.gql [3224B] connector/queries.gql [2998B] 
I0223 20:36:34.885020   20362 control.go:100] [/emulator/studio-v0 6136] UpdateResources(): done
Main schema: sources: schema/schema.gql [3721B] 
Connector "default": sources: connector/mutations.gql [3224B] connector/queries.gql [2998B] 
E0223 20:36:34.892570   20362 load.go:73] Could not load sources: 
Errors: connector/mutations.gql:8:1: On @auth: cannot specify both `level` and `expr`
connector/mutations.gql:11:1: On @auth: cannot specify both `level` and `expr`
connector/mutations.gql:26:1: On @auth: cannot specify both `level` and `expr`
connector/mutations.gql:43:1: On @auth: cannot specify both `level` and `expr`
connector/mutations.gql:57:1: On @auth: cannot specify both `level` and `expr`
connector/queries.gql:4:1: On @auth: cannot specify both `level` and `expr`
connector/queries.gql:17:1: On @auth: cannot specify both `level` and `expr`
connector/queries.gql:48:1: On @auth: cannot specify both `level` and `expr`
connector/queries.gql:63:1: On @auth: cannot specify both `level` and `expr`
connector/queries.gql:73:1: On @auth: cannot specify both `level` and `expr`
connector/queries.gql:82:1: On @auth: cannot specify both `level` and `expr`
connector/queries.gql:91:1: On @auth: cannot specify both `level` and `expr`
connector/queries.gql:102:1: On @auth: cannot specify both `level` and `expr`
connector/queries.gql:110:1: On @auth: cannot specify both `level` and `expr`
connector/queries.gql:120:1: On @auth: cannot specify both `level` and `expr`
connector/queries.gql:131:1: On @auth: cannot specify both `level` and `expr`
connector/queries.gql:140:1: On @auth: cannot specify both `level` and `expr`
I0223 20:36:34.895624   20362 collector.go:107] schema extensions wrote into "/home/user/studio/dataconnect/.dataconnect/schema"
Generated sources: main/input.gql [122168B] main/relation.gql [51784B] main/query.gql [15655B] main/mutation.gql [41655B] main/implicit.gql [3267B] prelude.gql [73281B] 
I0223 20:36:34.897772   20362 load.go:74] Finished reloading
 {"metadata":{"emulator":{"name":"dataconnect"},"message":"W0223 20:36:34.884910   20362 control.go:74] [/emulator/studio-v0 6136] connector \"default\" has errors: connector/mutations.gql:8:1: On @auth: cannot specify both `level` and `expr`\nconnector/mutations.gql:11:1: On @auth: cannot specify both `level` and `expr`\nconnector/mutations.gql:26:1: On @auth: cannot specify both `level` and `expr`\nconnector/mutations.gql:43:1: On @auth: cannot specify both `level` and `expr`\nconnector/mutations.gql:57:1: On @auth: cannot specify both `level` and `expr`\nconnector/queries.gql:4:1: On @auth: cannot specify both `level` and `expr`\nconnector/queries.gql:17:1: On @auth: cannot specify both `level` and `expr`\nconnector/queries.gql:48:1: On @auth: cannot specify both `level` and `expr`\nconnector/queries.gql:63:1: On @auth: cannot specify both `level` and `expr`\nconnector/queries.gql:73:1: On @auth: cannot specify both `level` and `expr`\nconnector/queries.gql:82:1: On @auth: cannot specify both `level` and `expr`\nconnector/queries.gql:91:1: On @auth: cannot specify both `level` and `expr`\nconnector/queries.gql:102:1: On @auth: cannot specify both `level` and `expr`\nconnector/queries.gql:110:1: On @auth: cannot specify both `level` and `expr`\nconnector/queries.gql:120:1: On @auth: cannot specify both `level` and `expr`\nconnector/queries.gql:131:1: On @auth: cannot specify both `level` and `expr`\nconnector/queries.gql:140:1: On @auth: cannot specify both `level` and `expr`\n\nsources: connector/mutations.gql [3224B] connector/queries.gql [2998B] \nI0223 20:36:34.885020   20362 control.go:100] [/emulator/studio-v0 6136] UpdateResources(): done\nMain schema: sources: schema/schema.gql [3721B] \nConnector \"default\": sources: connector/mutations.gql [3224B] connector/queries.gql [2998B] \nE0223 20:36:34.892570   20362 load.go:73] Could not load sources: \nErrors: connector/mutations.gql:8:1: On @auth: cannot specify both `level` and `expr`\nconnector/mutations.gql:11:1: On @auth: cannot specify both `level` and `expr`\nconnector/mutations.gql:26:1: On @auth: cannot specify both `level` and `expr`\nconnector/mutations.gql:43:1: On @auth: cannot specify both `level` and `expr`\nconnector/mutations.gql:57:1: On @auth: cannot specify both `level` and `expr`\nconnector/queries.gql:4:1: On @auth: cannot specify both `level` and `expr`\nconnector/queries.gql:17:1: On @auth: cannot specify both `level` and `expr`\nconnector/queries.gql:48:1: On @auth: cannot specify both `level` and `expr`\nconnector/queries.gql:63:1: On @auth: cannot specify both `level` and `expr`\nconnector/queries.gql:73:1: On @auth: cannot specify both `level` and `expr`\nconnector/queries.gql:82:1: On @auth: cannot specify both `level` and `expr`\nconnector/queries.gql:91:1: On @auth: cannot specify both `level` and `expr`\nconnector/queries.gql:102:1: On @auth: cannot specify both `level` and `expr`\nconnector/queries.gql:110:1: On @auth: cannot specify both `level` and `expr`\nconnector/queries.gql:120:1: On @auth: cannot specify both `level` and `expr`\nconnector/queries.gql:131:1: On @auth: cannot specify both `level` and `expr`\nconnector/queries.gql:140:1: On @auth: cannot specify both `level` and `expr`\nI0223 20:36:34.895624   20362 collector.go:107] schema extensions wrote into \"/home/user/studio/dataconnect/.dataconnect/schema\"\nGenerated sources: main/input.gql [122168B] main/relation.gql [51784B] main/query.gql [15655B] main/mutation.gql [41655B] main/implicit.gql [3267B] prelude.gql [73281B] \nI0223 20:36:34.897772   20362 load.go:74] Finished reloading\n"}}
[debug] [2026-02-23T20:36:34.963Z] I0223 20:36:34.951223   20362 dev.go:104] Listening on address (HTTP + gRPC): 127.0.0.1:50001
 {"metadata":{"emulator":{"name":"dataconnect"},"message":"I0223 20:36:34.951223   20362 dev.go:104] Listening on address (HTTP + gRPC): 127.0.0.1:50001\n"}}
[debug] [2026-02-23T20:36:35.356Z] I0223 20:36:35.355941   20362 engine.go:205] [/emulator/studio-v0 6136] ExecuteGraphqlRead IntrospectionQuery: succeeded. 
 {"metadata":{"emulator":{"name":"dataconnect"},"message":"I0223 20:36:35.355941   20362 engine.go:205] [/emulator/studio-v0 6136] ExecuteGraphqlRead IntrospectionQuery: succeeded. \n"}}
[info] [Firebase Plugin] Stopping Data Connect toolkit
[warn] ⚠  Data Connect Emulator has exited upon receiving signal: SIGINT 
[debug] [2026-02-23T20:42:58.905Z] [Firebase Plugin] Activating Firebase extension.
[debug] [2026-02-23T20:43:22.148Z] [Firebase Plugin] requireAuthWrapper
[debug] [2026-02-23T20:43:22.155Z] > command requires scopes: ["email","openid","https://www.googleapis.com/auth/cloudplatformprojects.readonly","https://www.googleapis.com/auth/firebase","https://www.googleapis.com/auth/cloud-platform","https://www.googleapis.com/auth/userinfo.email"]
[debug] [2026-02-23T20:43:22.156Z] > authorizing via signed-in user (lumacx@gmail.com)
[debug] [2026-02-23T20:43:22.171Z] Checked if tokens are valid: true, expires at: 1771880772915
[debug] [2026-02-23T20:43:22.174Z] Checked if tokens are valid: true, expires at: 1771880772915
[debug] [2026-02-23T20:43:22.176Z] [Firebase Plugin] User found:  lumacx@gmail.com
[info] [Firebase Plugin] (Core:Project) New user detected, fetching projects
[debug] [2026-02-23T20:43:22.181Z] Checked if tokens are valid: true, expires at: 1771880772915
[debug] [2026-02-23T20:43:22.191Z] >>> [apiv2][query] GET https://firebase.googleapis.com/v1beta1/projects pageSize=1000
[debug] [2026-02-23T20:43:22.362Z] [Firebase Plugin] VSCode notification server listening on port 40001
[info] [Firebase Plugin] Starting Data Connect toolkit (version 3.1.1) on port 50001
[debug] [2026-02-23T20:43:28.197Z] W0223 20:43:28.185506   23632 control.go:74] [/emulator/studio-v0 d0b8] connector "default" has errors: connector/mutations.gql:8:1: On @auth: cannot specify both `level` and `expr`
connector/mutations.gql:11:1: On @auth: cannot specify both `level` and `expr`
connector/mutations.gql:26:1: On @auth: cannot specify both `level` and `expr`
connector/mutations.gql:43:1: On @auth: cannot specify both `level` and `expr`
connector/mutations.gql:57:1: On @auth: cannot specify both `level` and `expr`
connector/queries.gql:4:1: On @auth: cannot specify both `level` and `expr`
connector/queries.gql:17:1: On @auth: cannot specify both `level` and `expr`
connector/queries.gql:48:1: On @auth: cannot specify both `level` and `expr`
connector/queries.gql:63:1: On @auth: cannot specify both `level` and `expr`
connector/queries.gql:73:1: On @auth: cannot specify both `level` and `expr`
connector/queries.gql:82:1: On @auth: cannot specify both `level` and `expr`
connector/queries.gql:91:1: On @auth: cannot specify both `level` and `expr`
connector/queries.gql:102:1: On @auth: cannot specify both `level` and `expr`
connector/queries.gql:110:1: On @auth: cannot specify both `level` and `expr`
connector/queries.gql:120:1: On @auth: cannot specify both `level` and `expr`
connector/queries.gql:131:1: On @auth: cannot specify both `level` and `expr`
connector/queries.gql:140:1: On @auth: cannot specify both `level` and `expr`

sources: connector/mutations.gql [3224B] connector/queries.gql [2998B] 
I0223 20:43:28.185678   23632 control.go:100] [/emulator/studio-v0 d0b8] UpdateResources(): done
Main schema: sources: schema/schema.gql [3721B] 
Connector "default": sources: connector/mutations.gql [3224B] connector/queries.gql [2998B] 
 {"metadata":{"emulator":{"name":"dataconnect"},"message":"W0223 20:43:28.185506   23632 control.go:74] [/emulator/studio-v0 d0b8] connector \"default\" has errors: connector/mutations.gql:8:1: On @auth: cannot specify both `level` and `expr`\nconnector/mutations.gql:11:1: On @auth: cannot specify both `level` and `expr`\nconnector/mutations.gql:26:1: On @auth: cannot specify both `level` and `expr`\nconnector/mutations.gql:43:1: On @auth: cannot specify both `level` and `expr`\nconnector/mutations.gql:57:1: On @auth: cannot specify both `level` and `expr`\nconnector/queries.gql:4:1: On @auth: cannot specify both `level` and `expr`\nconnector/queries.gql:17:1: On @auth: cannot specify both `level` and `expr`\nconnector/queries.gql:48:1: On @auth: cannot specify both `level` and `expr`\nconnector/queries.gql:63:1: On @auth: cannot specify both `level` and `expr`\nconnector/queries.gql:73:1: On @auth: cannot specify both `level` and `expr`\nconnector/queries.gql:82:1: On @auth: cannot specify both `level` and `expr`\nconnector/queries.gql:91:1: On @auth: cannot specify both `level` and `expr`\nconnector/queries.gql:102:1: On @auth: cannot specify both `level` and `expr`\nconnector/queries.gql:110:1: On @auth: cannot specify both `level` and `expr`\nconnector/queries.gql:120:1: On @auth: cannot specify both `level` and `expr`\nconnector/queries.gql:131:1: On @auth: cannot specify both `level` and `expr`\nconnector/queries.gql:140:1: On @auth: cannot specify both `level` and `expr`\n\nsources: connector/mutations.gql [3224B] connector/queries.gql [2998B] \nI0223 20:43:28.185678   23632 control.go:100] [/emulator/studio-v0 d0b8] UpdateResources(): done\nMain schema: sources: schema/schema.gql [3721B] \nConnector \"default\": sources: connector/mutations.gql [3224B] connector/queries.gql [2998B] \n"}}
[debug] [2026-02-23T20:43:28.208Z] Ignoring unsupported arg: auto_download {"metadata":{"emulator":{"name":"dataconnect"},"message":"Ignoring unsupported arg: auto_download"}}
[debug] [2026-02-23T20:43:28.208Z] Ignoring unsupported arg: port {"metadata":{"emulator":{"name":"dataconnect"},"message":"Ignoring unsupported arg: port"}}
[debug] [2026-02-23T20:43:28.209Z] Starting Data Connect Emulator with command {"binary":"/home/user/.cache/firebase/emulators/dataconnect-emulator-3.1.1","args":["--logtostderr","-v=2","dev","--listen=localhost:50001","--config_dir=/home/user/studio/dataconnect","--enable_output_schema_extensions=true","--enable_output_generated_sdk=true"],"optionalArgs":["listen","config_dir","enable_output_schema_extensions","enable_output_generated_sdk"],"joinArgs":true,"shell":false,"port":9399} {"metadata":{"emulator":{"name":"dataconnect"},"message":"Starting Data Connect Emulator with command {\"binary\":\"/home/user/.cache/firebase/emulators/dataconnect-emulator-3.1.1\",\"args\":[\"--logtostderr\",\"-v=2\",\"dev\",\"--listen=localhost:50001\",\"--config_dir=/home/user/studio/dataconnect\",\"--enable_output_schema_extensions=true\",\"--enable_output_generated_sdk=true\"],\"optionalArgs\":[\"listen\",\"config_dir\",\"enable_output_schema_extensions\",\"enable_output_generated_sdk\"],\"joinArgs\":true,\"shell\":false,\"port\":9399}"}}
[info] i  dataconnect: Data Connect Emulator logging to dataconnect-debug.log {"metadata":{"emulator":{"name":"dataconnect"},"message":"Data Connect Emulator logging to dataconnect-debug.log"}}
[debug] [2026-02-23T20:43:28.446Z] I0223 20:43:28.337080   23637 load.go:31] Reloading schema and connectors...
 {"metadata":{"emulator":{"name":"dataconnect"},"message":"I0223 20:43:28.337080   23637 load.go:31] Reloading schema and connectors...\n"}}
[debug] [2026-02-23T20:43:28.583Z] <<< [apiv2][status] GET https://firebase.googleapis.com/v1beta1/projects 200
[debug] [2026-02-23T20:43:28.592Z] <<< [apiv2][body] GET https://firebase.googleapis.com/v1beta1/projects [omitted]
[debug] [2026-02-23T20:43:29.135Z] W0223 20:43:29.012883   23637 control.go:74] [/emulator/studio-v0 b2ed] connector "default" has errors: connector/queries.gql:4:1: On @auth: cannot specify both `level` and `expr`
connector/queries.gql:17:1: On @auth: cannot specify both `level` and `expr`
connector/queries.gql:48:1: On @auth: cannot specify both `level` and `expr`
connector/queries.gql:63:1: On @auth: cannot specify both `level` and `expr`
connector/queries.gql:73:1: On @auth: cannot specify both `level` and `expr`
connector/queries.gql:82:1: On @auth: cannot specify both `level` and `expr`
connector/queries.gql:91:1: On @auth: cannot specify both `level` and `expr`
connector/queries.gql:102:1: On @auth: cannot specify both `level` and `expr`
connector/queries.gql:110:1: On @auth: cannot specify both `level` and `expr`
connector/queries.gql:120:1: On @auth: cannot specify both `level` and `expr`
connector/queries.gql:131:1: On @auth: cannot specify both `level` and `expr`
connector/queries.gql:140:1: On @auth: cannot specify both `level` and `expr`
connector/mutations.gql:8:1: On @auth: cannot specify both `level` and `expr`
connector/mutations.gql:11:1: On @auth: cannot specify both `level` and `expr`
connector/mutations.gql:26:1: On @auth: cannot specify both `level` and `expr`
connector/mutations.gql:43:1: On @auth: cannot specify both `level` and `expr`
connector/mutations.gql:57:1: On @auth: cannot specify both `level` and `expr`

sources: connector/mutations.gql [3224B] connector/queries.gql [2998B] 
I0223 20:43:29.013152   23637 control.go:100] [/emulator/studio-v0 b2ed] UpdateResources(): done
Main schema: sources: schema/schema.gql [3721B] 
Connector "default": sources: connector/mutations.gql [3224B] connector/queries.gql [2998B] 
E0223 20:43:29.033183   23637 load.go:73] Could not load sources: 
Errors: connector/queries.gql:4:1: On @auth: cannot specify both `level` and `expr`
connector/queries.gql:17:1: On @auth: cannot specify both `level` and `expr`
connector/queries.gql:48:1: On @auth: cannot specify both `level` and `expr`
connector/queries.gql:63:1: On @auth: cannot specify both `level` and `expr`
connector/queries.gql:73:1: On @auth: cannot specify both `level` and `expr`
connector/queries.gql:82:1: On @auth: cannot specify both `level` and `expr`
connector/queries.gql:91:1: On @auth: cannot specify both `level` and `expr`
connector/queries.gql:102:1: On @auth: cannot specify both `level` and `expr`
connector/queries.gql:110:1: On @auth: cannot specify both `level` and `expr`
connector/queries.gql:120:1: On @auth: cannot specify both `level` and `expr`
connector/queries.gql:131:1: On @auth: cannot specify both `level` and `expr`
connector/queries.gql:140:1: On @auth: cannot specify both `level` and `expr`
connector/mutations.gql:8:1: On @auth: cannot specify both `level` and `expr`
connector/mutations.gql:11:1: On @auth: cannot specify both `level` and `expr`
connector/mutations.gql:26:1: On @auth: cannot specify both `level` and `expr`
connector/mutations.gql:43:1: On @auth: cannot specify both `level` and `expr`
connector/mutations.gql:57:1: On @auth: cannot specify both `level` and `expr`
I0223 20:43:29.038019   23637 collector.go:107] schema extensions wrote into "/home/user/studio/dataconnect/.dataconnect/schema"
Generated sources: prelude.gql [73281B] main/mutation.gql [41655B] main/implicit.gql [3267B] main/input.gql [122168B] main/relation.gql [51784B] main/query.gql [15655B] 
I0223 20:43:29.039892   23637 load.go:74] Finished reloading
I0223 20:43:29.071295   23637 dev.go:104] Listening on address (HTTP + gRPC): 127.0.0.1:50001
 {"metadata":{"emulator":{"name":"dataconnect"},"message":"W0223 20:43:29.012883   23637 control.go:74] [/emulator/studio-v0 b2ed] connector \"default\" has errors: connector/queries.gql:4:1: On @auth: cannot specify both `level` and `expr`\nconnector/queries.gql:17:1: On @auth: cannot specify both `level` and `expr`\nconnector/queries.gql:48:1: On @auth: cannot specify both `level` and `expr`\nconnector/queries.gql:63:1: On @auth: cannot specify both `level` and `expr`\nconnector/queries.gql:73:1: On @auth: cannot specify both `level` and `expr`\nconnector/queries.gql:82:1: On @auth: cannot specify both `level` and `expr`\nconnector/queries.gql:91:1: On @auth: cannot specify both `level` and `expr`\nconnector/queries.gql:102:1: On @auth: cannot specify both `level` and `expr`\nconnector/queries.gql:110:1: On @auth: cannot specify both `level` and `expr`\nconnector/queries.gql:120:1: On @auth: cannot specify both `level` and `expr`\nconnector/queries.gql:131:1: On @auth: cannot specify both `level` and `expr`\nconnector/queries.gql:140:1: On @auth: cannot specify both `level` and `expr`\nconnector/mutations.gql:8:1: On @auth: cannot specify both `level` and `expr`\nconnector/mutations.gql:11:1: On @auth: cannot specify both `level` and `expr`\nconnector/mutations.gql:26:1: On @auth: cannot specify both `level` and `expr`\nconnector/mutations.gql:43:1: On @auth: cannot specify both `level` and `expr`\nconnector/mutations.gql:57:1: On @auth: cannot specify both `level` and `expr`\n\nsources: connector/mutations.gql [3224B] connector/queries.gql [2998B] \nI0223 20:43:29.013152   23637 control.go:100] [/emulator/studio-v0 b2ed] UpdateResources(): done\nMain schema: sources: schema/schema.gql [3721B] \nConnector \"default\": sources: connector/mutations.gql [3224B] connector/queries.gql [2998B] \nE0223 20:43:29.033183   23637 load.go:73] Could not load sources: \nErrors: connector/queries.gql:4:1: On @auth: cannot specify both `level` and `expr`\nconnector/queries.gql:17:1: On @auth: cannot specify both `level` and `expr`\nconnector/queries.gql:48:1: On @auth: cannot specify both `level` and `expr`\nconnector/queries.gql:63:1: On @auth: cannot specify both `level` and `expr`\nconnector/queries.gql:73:1: On @auth: cannot specify both `level` and `expr`\nconnector/queries.gql:82:1: On @auth: cannot specify both `level` and `expr`\nconnector/queries.gql:91:1: On @auth: cannot specify both `level` and `expr`\nconnector/queries.gql:102:1: On @auth: cannot specify both `level` and `expr`\nconnector/queries.gql:110:1: On @auth: cannot specify both `level` and `expr`\nconnector/queries.gql:120:1: On @auth: cannot specify both `level` and `expr`\nconnector/queries.gql:131:1: On @auth: cannot specify both `level` and `expr`\nconnector/queries.gql:140:1: On @auth: cannot specify both `level` and `expr`\nconnector/mutations.gql:8:1: On @auth: cannot specify both `level` and `expr`\nconnector/mutations.gql:11:1: On @auth: cannot specify both `level` and `expr`\nconnector/mutations.gql:26:1: On @auth: cannot specify both `level` and `expr`\nconnector/mutations.gql:43:1: On @auth: cannot specify both `level` and `expr`\nconnector/mutations.gql:57:1: On @auth: cannot specify both `level` and `expr`\nI0223 20:43:29.038019   23637 collector.go:107] schema extensions wrote into \"/home/user/studio/dataconnect/.dataconnect/schema\"\nGenerated sources: prelude.gql [73281B] main/mutation.gql [41655B] main/implicit.gql [3267B] main/input.gql [122168B] main/relation.gql [51784B] main/query.gql [15655B] \nI0223 20:43:29.039892   23637 load.go:74] Finished reloading\nI0223 20:43:29.071295   23637 dev.go:104] Listening on address (HTTP + gRPC): 127.0.0.1:50001\n"}}
[debug] [2026-02-23T20:43:29.439Z] I0223 20:43:29.385105   23637 engine.go:205] [/emulator/studio-v0 b2ed] ExecuteGraphqlRead IntrospectionQuery: succeeded. 
 {"metadata":{"emulator":{"name":"dataconnect"},"message":"I0223 20:43:29.385105   23637 engine.go:205] [/emulator/studio-v0 b2ed] ExecuteGraphqlRead IntrospectionQuery: succeeded. \n"}}
[info] [Firebase Plugin] Stopping Data Connect toolkit
[warn] ⚠  Data Connect Emulator has exited upon receiving signal: SIGINT 
[debug] [2026-02-23T20:51:28.897Z] [Firebase Plugin] Activating Firebase extension.
[debug] [2026-02-23T20:52:02.648Z] [Firebase Plugin] requireAuthWrapper
[debug] [2026-02-23T20:52:02.669Z] > command requires scopes: ["email","openid","https://www.googleapis.com/auth/cloudplatformprojects.readonly","https://www.googleapis.com/auth/firebase","https://www.googleapis.com/auth/cloud-platform","https://www.googleapis.com/auth/userinfo.email"]
[debug] [2026-02-23T20:52:02.677Z] > authorizing via signed-in user (lumacx@gmail.com)
[debug] [2026-02-23T20:52:02.722Z] Checked if tokens are valid: false, expires at: 1771880772915
[debug] [2026-02-23T20:52:02.724Z] Checked if tokens are valid: false, expires at: 1771880772915
[debug] [2026-02-23T20:52:02.733Z] > refreshing access token with scopes: []
[debug] [2026-02-23T20:52:02.756Z] >>> [apiv2][query] POST https://www.googleapis.com/oauth2/v3/token [none]
[debug] [2026-02-23T20:52:02.757Z] >>> [apiv2][body] POST https://www.googleapis.com/oauth2/v3/token [omitted]
[debug] [2026-02-23T20:52:03.016Z] [Firebase Plugin] VSCode notification server listening on port 40001
[debug] [2026-02-23T20:52:05.866Z] <<< [apiv2][status] POST https://www.googleapis.com/oauth2/v3/token 200
[debug] [2026-02-23T20:52:05.870Z] <<< [apiv2][body] POST https://www.googleapis.com/oauth2/v3/token [omitted]
[debug] [2026-02-23T20:52:05.932Z] [Firebase Plugin] User found:  lumacx@gmail.com
[info] [Firebase Plugin] (Core:Project) New user detected, fetching projects
[debug] [2026-02-23T20:52:05.969Z] Checked if tokens are valid: true, expires at: 1771883524872
[debug] [2026-02-23T20:52:05.988Z] >>> [apiv2][query] GET https://firebase.googleapis.com/v1beta1/projects pageSize=1000
[info] [Firebase Plugin] Starting Data Connect toolkit (version 3.1.1) on port 50001
[debug] [2026-02-23T20:52:12.376Z] W0223 20:52:12.361186     439 control.go:74] [/emulator/studio-v0 23ae] connector "default" has errors: connector/mutations.gql:8:1: On @auth: cannot specify both `level` and `expr`
connector/mutations.gql:11:1: On @auth: cannot specify both `level` and `expr`
connector/mutations.gql:26:1: On @auth: cannot specify both `level` and `expr`
connector/mutations.gql:43:1: On @auth: cannot specify both `level` and `expr`
connector/mutations.gql:57:1: On @auth: cannot specify both `level` and `expr`
connector/queries.gql:4:1: On @auth: cannot specify both `level` and `expr`
connector/queries.gql:17:1: On @auth: cannot specify both `level` and `expr`
connector/queries.gql:48:1: On @auth: cannot specify both `level` and `expr`
connector/queries.gql:63:1: On @auth: cannot specify both `level` and `expr`
connector/queries.gql:73:1: On @auth: cannot specify both `level` and `expr`
connector/queries.gql:82:1: On @auth: cannot specify both `level` and `expr`
connector/queries.gql:91:1: On @auth: cannot specify both `level` and `expr`
connector/queries.gql:102:1: On @auth: cannot specify both `level` and `expr`
connector/queries.gql:110:1: On @auth: cannot specify both `level` and `expr`
connector/queries.gql:120:1: On @auth: cannot specify both `level` and `expr`
connector/queries.gql:131:1: On @auth: cannot specify both `level` and `expr`
connector/queries.gql:140:1: On @auth: cannot specify both `level` and `expr`

sources: connector/queries.gql [2998B] connector/mutations.gql [3224B] 
I0223 20:52:12.363549     439 control.go:100] [/emulator/studio-v0 23ae] UpdateResources(): done
Main schema: sources: schema/schema.gql [3721B] 
Connector "default": sources: connector/mutations.gql [3224B] connector/queries.gql [2998B] 
 {"metadata":{"emulator":{"name":"dataconnect"},"message":"W0223 20:52:12.361186     439 control.go:74] [/emulator/studio-v0 23ae] connector \"default\" has errors: connector/mutations.gql:8:1: On @auth: cannot specify both `level` and `expr`\nconnector/mutations.gql:11:1: On @auth: cannot specify both `level` and `expr`\nconnector/mutations.gql:26:1: On @auth: cannot specify both `level` and `expr`\nconnector/mutations.gql:43:1: On @auth: cannot specify both `level` and `expr`\nconnector/mutations.gql:57:1: On @auth: cannot specify both `level` and `expr`\nconnector/queries.gql:4:1: On @auth: cannot specify both `level` and `expr`\nconnector/queries.gql:17:1: On @auth: cannot specify both `level` and `expr`\nconnector/queries.gql:48:1: On @auth: cannot specify both `level` and `expr`\nconnector/queries.gql:63:1: On @auth: cannot specify both `level` and `expr`\nconnector/queries.gql:73:1: On @auth: cannot specify both `level` and `expr`\nconnector/queries.gql:82:1: On @auth: cannot specify both `level` and `expr`\nconnector/queries.gql:91:1: On @auth: cannot specify both `level` and `expr`\nconnector/queries.gql:102:1: On @auth: cannot specify both `level` and `expr`\nconnector/queries.gql:110:1: On @auth: cannot specify both `level` and `expr`\nconnector/queries.gql:120:1: On @auth: cannot specify both `level` and `expr`\nconnector/queries.gql:131:1: On @auth: cannot specify both `level` and `expr`\nconnector/queries.gql:140:1: On @auth: cannot specify both `level` and `expr`\n\nsources: connector/queries.gql [2998B] connector/mutations.gql [3224B] \nI0223 20:52:12.363549     439 control.go:100] [/emulator/studio-v0 23ae] UpdateResources(): done\nMain schema: sources: schema/schema.gql [3721B] \nConnector \"default\": sources: connector/mutations.gql [3224B] connector/queries.gql [2998B] \n"}}
[debug] [2026-02-23T20:52:12.382Z] Ignoring unsupported arg: auto_download {"metadata":{"emulator":{"name":"dataconnect"},"message":"Ignoring unsupported arg: auto_download"}}
[debug] [2026-02-23T20:52:12.383Z] Ignoring unsupported arg: port {"metadata":{"emulator":{"name":"dataconnect"},"message":"Ignoring unsupported arg: port"}}
[debug] [2026-02-23T20:52:12.386Z] Starting Data Connect Emulator with command {"binary":"/home/user/.cache/firebase/emulators/dataconnect-emulator-3.1.1","args":["--logtostderr","-v=2","dev","--listen=localhost:50001","--config_dir=/home/user/studio/dataconnect","--enable_output_schema_extensions=true","--enable_output_generated_sdk=true"],"optionalArgs":["listen","config_dir","enable_output_schema_extensions","enable_output_generated_sdk"],"joinArgs":true,"shell":false,"port":9399} {"metadata":{"emulator":{"name":"dataconnect"},"message":"Starting Data Connect Emulator with command {\"binary\":\"/home/user/.cache/firebase/emulators/dataconnect-emulator-3.1.1\",\"args\":[\"--logtostderr\",\"-v=2\",\"dev\",\"--listen=localhost:50001\",\"--config_dir=/home/user/studio/dataconnect\",\"--enable_output_schema_extensions=true\",\"--enable_output_generated_sdk=true\"],\"optionalArgs\":[\"listen\",\"config_dir\",\"enable_output_schema_extensions\",\"enable_output_generated_sdk\"],\"joinArgs\":true,\"shell\":false,\"port\":9399}"}}
[info] i  dataconnect: Data Connect Emulator logging to dataconnect-debug.log {"metadata":{"emulator":{"name":"dataconnect"},"message":"Data Connect Emulator logging to dataconnect-debug.log"}}
[debug] [2026-02-23T20:52:12.896Z] I0223 20:52:12.593531     444 load.go:31] Reloading schema and connectors...
 {"metadata":{"emulator":{"name":"dataconnect"},"message":"I0223 20:52:12.593531     444 load.go:31] Reloading schema and connectors...\n"}}
[debug] [2026-02-23T20:52:14.360Z] W0223 20:52:13.695135     444 control.go:74] [/emulator/studio-v0 ff71] connector "default" has errors: connector/mutations.gql:8:1: On @auth: cannot specify both `level` and `expr`
connector/mutations.gql:11:1: On @auth: cannot specify both `level` and `expr`
connector/mutations.gql:26:1: On @auth: cannot specify both `level` and `expr`
connector/mutations.gql:43:1: On @auth: cannot specify both `level` and `expr`
connector/mutations.gql:57:1: On @auth: cannot specify both `level` and `expr`
connector/queries.gql:4:1: On @auth: cannot specify both `level` and `expr`
connector/queries.gql:17:1: On @auth: cannot specify both `level` and `expr`
connector/queries.gql:48:1: On @auth: cannot specify both `level` and `expr`
connector/queries.gql:63:1: On @auth: cannot specify both `level` and `expr`
connector/queries.gql:73:1: On @auth: cannot specify both `level` and `expr`
connector/queries.gql:82:1: On @auth: cannot specify both `level` and `expr`
connector/queries.gql:91:1: On @auth: cannot specify both `level` and `expr`
connector/queries.gql:102:1: On @auth: cannot specify both `level` and `expr`
connector/queries.gql:110:1: On @auth: cannot specify both `level` and `expr`
connector/queries.gql:120:1: On @auth: cannot specify both `level` and `expr`
connector/queries.gql:131:1: On @auth: cannot specify both `level` and `expr`
connector/queries.gql:140:1: On @auth: cannot specify both `level` and `expr`

sources: connector/mutations.gql [3224B] connector/queries.gql [2998B] 
I0223 20:52:13.695285     444 control.go:100] [/emulator/studio-v0 ff71] UpdateResources(): done
Main schema: sources: schema/schema.gql [3721B] 
Connector "default": sources: connector/mutations.gql [3224B] connector/queries.gql [2998B] 
E0223 20:52:13.766791     444 load.go:73] Could not load sources: 
Errors: connector/mutations.gql:8:1: On @auth: cannot specify both `level` and `expr`
connector/mutations.gql:11:1: On @auth: cannot specify both `level` and `expr`
connector/mutations.gql:26:1: On @auth: cannot specify both `level` and `expr`
connector/mutations.gql:43:1: On @auth: cannot specify both `level` and `expr`
connector/mutations.gql:57:1: On @auth: cannot specify both `level` and `expr`
connector/queries.gql:4:1: On @auth: cannot specify both `level` and `expr`
connector/queries.gql:17:1: On @auth: cannot specify both `level` and `expr`
connector/queries.gql:48:1: On @auth: cannot specify both `level` and `expr`
connector/queries.gql:63:1: On @auth: cannot specify both `level` and `expr`
connector/queries.gql:73:1: On @auth: cannot specify both `level` and `expr`
connector/queries.gql:82:1: On @auth: cannot specify both `level` and `expr`
connector/queries.gql:91:1: On @auth: cannot specify both `level` and `expr`
connector/queries.gql:102:1: On @auth: cannot specify both `level` and `expr`
connector/queries.gql:110:1: On @auth: cannot specify both `level` and `expr`
connector/queries.gql:120:1: On @auth: cannot specify both `level` and `expr`
connector/queries.gql:131:1: On @auth: cannot specify both `level` and `expr`
connector/queries.gql:140:1: On @auth: cannot specify both `level` and `expr`
I0223 20:52:13.779243     444 collector.go:107] schema extensions wrote into "/home/user/studio/dataconnect/.dataconnect/schema"
Generated sources: main/implicit.gql [3267B] main/input.gql [122168B] main/relation.gql [51784B] main/query.gql [15655B] main/mutation.gql [41655B] prelude.gql [73281B] 
I0223 20:52:13.788557     444 load.go:74] Finished reloading
I0223 20:52:13.816979     444 dev.go:104] Listening on address (HTTP + gRPC): 127.0.0.1:50001
 {"metadata":{"emulator":{"name":"dataconnect"},"message":"W0223 20:52:13.695135     444 control.go:74] [/emulator/studio-v0 ff71] connector \"default\" has errors: connector/mutations.gql:8:1: On @auth: cannot specify both `level` and `expr`\nconnector/mutations.gql:11:1: On @auth: cannot specify both `level` and `expr`\nconnector/mutations.gql:26:1: On @auth: cannot specify both `level` and `expr`\nconnector/mutations.gql:43:1: On @auth: cannot specify both `level` and `expr`\nconnector/mutations.gql:57:1: On @auth: cannot specify both `level` and `expr`\nconnector/queries.gql:4:1: On @auth: cannot specify both `level` and `expr`\nconnector/queries.gql:17:1: On @auth: cannot specify both `level` and `expr`\nconnector/queries.gql:48:1: On @auth: cannot specify both `level` and `expr`\nconnector/queries.gql:63:1: On @auth: cannot specify both `level` and `expr`\nconnector/queries.gql:73:1: On @auth: cannot specify both `level` and `expr`\nconnector/queries.gql:82:1: On @auth: cannot specify both `level` and `expr`\nconnector/queries.gql:91:1: On @auth: cannot specify both `level` and `expr`\nconnector/queries.gql:102:1: On @auth: cannot specify both `level` and `expr`\nconnector/queries.gql:110:1: On @auth: cannot specify both `level` and `expr`\nconnector/queries.gql:120:1: On @auth: cannot specify both `level` and `expr`\nconnector/queries.gql:131:1: On @auth: cannot specify both `level` and `expr`\nconnector/queries.gql:140:1: On @auth: cannot specify both `level` and `expr`\n\nsources: connector/mutations.gql [3224B] connector/queries.gql [2998B] \nI0223 20:52:13.695285     444 control.go:100] [/emulator/studio-v0 ff71] UpdateResources(): done\nMain schema: sources: schema/schema.gql [3721B] \nConnector \"default\": sources: connector/mutations.gql [3224B] connector/queries.gql [2998B] \nE0223 20:52:13.766791     444 load.go:73] Could not load sources: \nErrors: connector/mutations.gql:8:1: On @auth: cannot specify both `level` and `expr`\nconnector/mutations.gql:11:1: On @auth: cannot specify both `level` and `expr`\nconnector/mutations.gql:26:1: On @auth: cannot specify both `level` and `expr`\nconnector/mutations.gql:43:1: On @auth: cannot specify both `level` and `expr`\nconnector/mutations.gql:57:1: On @auth: cannot specify both `level` and `expr`\nconnector/queries.gql:4:1: On @auth: cannot specify both `level` and `expr`\nconnector/queries.gql:17:1: On @auth: cannot specify both `level` and `expr`\nconnector/queries.gql:48:1: On @auth: cannot specify both `level` and `expr`\nconnector/queries.gql:63:1: On @auth: cannot specify both `level` and `expr`\nconnector/queries.gql:73:1: On @auth: cannot specify both `level` and `expr`\nconnector/queries.gql:82:1: On @auth: cannot specify both `level` and `expr`\nconnector/queries.gql:91:1: On @auth: cannot specify both `level` and `expr`\nconnector/queries.gql:102:1: On @auth: cannot specify both `level` and `expr`\nconnector/queries.gql:110:1: On @auth: cannot specify both `level` and `expr`\nconnector/queries.gql:120:1: On @auth: cannot specify both `level` and `expr`\nconnector/queries.gql:131:1: On @auth: cannot specify both `level` and `expr`\nconnector/queries.gql:140:1: On @auth: cannot specify both `level` and `expr`\nI0223 20:52:13.779243     444 collector.go:107] schema extensions wrote into \"/home/user/studio/dataconnect/.dataconnect/schema\"\nGenerated sources: main/implicit.gql [3267B] main/input.gql [122168B] main/relation.gql [51784B] main/query.gql [15655B] main/mutation.gql [41655B] prelude.gql [73281B] \nI0223 20:52:13.788557     444 load.go:74] Finished reloading\nI0223 20:52:13.816979     444 dev.go:104] Listening on address (HTTP + gRPC): 127.0.0.1:50001\n"}}
[debug] [2026-02-23T20:52:16.797Z] I0223 20:52:16.301728     444 engine.go:205] [/emulator/studio-v0 ff71] ExecuteGraphqlRead IntrospectionQuery: succeeded. 
 {"metadata":{"emulator":{"name":"dataconnect"},"message":"I0223 20:52:16.301728     444 engine.go:205] [/emulator/studio-v0 ff71] ExecuteGraphqlRead IntrospectionQuery: succeeded. \n"}}
[debug] [2026-02-23T20:52:16.833Z] <<< [apiv2][status] GET https://firebase.googleapis.com/v1beta1/projects 200
[debug] [2026-02-23T20:52:16.839Z] <<< [apiv2][body] GET https://firebase.googleapis.com/v1beta1/projects [omitted]
[debug] [2026-02-27T18:24:52.131Z] [Firebase Plugin] Activating Firebase extension.
[debug] [2026-02-27T18:25:08.280Z] [Firebase Plugin] requireAuthWrapper
[debug] [2026-02-27T18:25:08.288Z] > command requires scopes: ["email","openid","https://www.googleapis.com/auth/cloudplatformprojects.readonly","https://www.googleapis.com/auth/firebase","https://www.googleapis.com/auth/cloud-platform","https://www.googleapis.com/auth/userinfo.email"]
[debug] [2026-02-27T18:25:08.289Z] > authorizing via signed-in user (lumacx@gmail.com)
[debug] [2026-02-27T18:25:08.315Z] Checked if tokens are valid: false, expires at: 1771883524872
[debug] [2026-02-27T18:25:08.316Z] Checked if tokens are valid: false, expires at: 1771883524872
[debug] [2026-02-27T18:25:08.318Z] > refreshing access token with scopes: []
[debug] [2026-02-27T18:25:08.324Z] >>> [apiv2][query] POST https://www.googleapis.com/oauth2/v3/token [none]
[debug] [2026-02-27T18:25:08.326Z] >>> [apiv2][body] POST https://www.googleapis.com/oauth2/v3/token [omitted]
[debug] [2026-02-27T18:25:08.520Z] [Firebase Plugin] VSCode notification server listening on port 40001
[debug] [2026-02-27T18:25:09.089Z] <<< [apiv2][status] POST https://www.googleapis.com/oauth2/v3/token 200
[debug] [2026-02-27T18:25:09.092Z] <<< [apiv2][body] POST https://www.googleapis.com/oauth2/v3/token [omitted]
[debug] [2026-02-27T18:25:09.130Z] [Firebase Plugin] User found:  lumacx@gmail.com
[info] [Firebase Plugin] (Core:Project) New user detected, fetching projects
[debug] [2026-02-27T18:25:09.136Z] Checked if tokens are valid: true, expires at: 1772220308094
[debug] [2026-02-27T18:25:09.139Z] >>> [apiv2][query] GET https://firebase.googleapis.com/v1beta1/projects pageSize=1000
[info] [Firebase Plugin] Starting Data Connect toolkit (version 3.1.1) on port 50001
[debug] [2026-02-27T18:25:17.783Z] W0227 18:25:17.763598     500 control.go:74] [/emulator/studio-v0 c092] connector "default" has errors: connector/mutations.gql:8:1: On @auth: cannot specify both `level` and `expr`
connector/mutations.gql:11:1: On @auth: cannot specify both `level` and `expr`
connector/mutations.gql:26:1: On @auth: cannot specify both `level` and `expr`
connector/mutations.gql:43:1: On @auth: cannot specify both `level` and `expr`
connector/mutations.gql:57:1: On @auth: cannot specify both `level` and `expr`
connector/queries.gql:4:1: On @auth: cannot specify both `level` and `expr`
connector/queries.gql:17:1: On @auth: cannot specify both `level` and `expr`
connector/queries.gql:48:1: On @auth: cannot specify both `level` and `expr`
connector/queries.gql:63:1: On @auth: cannot specify both `level` and `expr`
connector/queries.gql:73:1: On @auth: cannot specify both `level` and `expr`
connector/queries.gql:82:1: On @auth: cannot specify both `level` and `expr`
connector/queries.gql:91:1: On @auth: cannot specify both `level` and `expr`
connector/queries.gql:102:1: On @auth: cannot specify both `level` and `expr`
connector/queries.gql:110:1: On @auth: cannot specify both `level` and `expr`
connector/queries.gql:120:1: On @auth: cannot specify both `level` and `expr`
connector/queries.gql:131:1: On @auth: cannot specify both `level` and `expr`
connector/queries.gql:140:1: On @auth: cannot specify both `level` and `expr`

sources: connector/mutations.gql [3224B] connector/queries.gql [2998B] 
I0227 18:25:17.772959     500 control.go:100] [/emulator/studio-v0 c092] UpdateResources(): done
Main schema: sources: schema/schema.gql [3721B] 
Connector "default": sources: connector/queries.gql [2998B] connector/mutations.gql [3224B] 
 {"metadata":{"emulator":{"name":"dataconnect"},"message":"W0227 18:25:17.763598     500 control.go:74] [/emulator/studio-v0 c092] connector \"default\" has errors: connector/mutations.gql:8:1: On @auth: cannot specify both `level` and `expr`\nconnector/mutations.gql:11:1: On @auth: cannot specify both `level` and `expr`\nconnector/mutations.gql:26:1: On @auth: cannot specify both `level` and `expr`\nconnector/mutations.gql:43:1: On @auth: cannot specify both `level` and `expr`\nconnector/mutations.gql:57:1: On @auth: cannot specify both `level` and `expr`\nconnector/queries.gql:4:1: On @auth: cannot specify both `level` and `expr`\nconnector/queries.gql:17:1: On @auth: cannot specify both `level` and `expr`\nconnector/queries.gql:48:1: On @auth: cannot specify both `level` and `expr`\nconnector/queries.gql:63:1: On @auth: cannot specify both `level` and `expr`\nconnector/queries.gql:73:1: On @auth: cannot specify both `level` and `expr`\nconnector/queries.gql:82:1: On @auth: cannot specify both `level` and `expr`\nconnector/queries.gql:91:1: On @auth: cannot specify both `level` and `expr`\nconnector/queries.gql:102:1: On @auth: cannot specify both `level` and `expr`\nconnector/queries.gql:110:1: On @auth: cannot specify both `level` and `expr`\nconnector/queries.gql:120:1: On @auth: cannot specify both `level` and `expr`\nconnector/queries.gql:131:1: On @auth: cannot specify both `level` and `expr`\nconnector/queries.gql:140:1: On @auth: cannot specify both `level` and `expr`\n\nsources: connector/mutations.gql [3224B] connector/queries.gql [2998B] \nI0227 18:25:17.772959     500 control.go:100] [/emulator/studio-v0 c092] UpdateResources(): done\nMain schema: sources: schema/schema.gql [3721B] \nConnector \"default\": sources: connector/queries.gql [2998B] connector/mutations.gql [3224B] \n"}}
[debug] [2026-02-27T18:25:17.798Z] Ignoring unsupported arg: auto_download {"metadata":{"emulator":{"name":"dataconnect"},"message":"Ignoring unsupported arg: auto_download"}}
[debug] [2026-02-27T18:25:17.799Z] Ignoring unsupported arg: port {"metadata":{"emulator":{"name":"dataconnect"},"message":"Ignoring unsupported arg: port"}}
[debug] [2026-02-27T18:25:17.810Z] Starting Data Connect Emulator with command {"binary":"/home/user/.cache/firebase/emulators/dataconnect-emulator-3.1.1","args":["--logtostderr","-v=2","dev","--listen=localhost:50001","--config_dir=/home/user/studio/dataconnect","--enable_output_schema_extensions=true","--enable_output_generated_sdk=true"],"optionalArgs":["listen","config_dir","enable_output_schema_extensions","enable_output_generated_sdk"],"joinArgs":true,"shell":false,"port":9399} {"metadata":{"emulator":{"name":"dataconnect"},"message":"Starting Data Connect Emulator with command {\"binary\":\"/home/user/.cache/firebase/emulators/dataconnect-emulator-3.1.1\",\"args\":[\"--logtostderr\",\"-v=2\",\"dev\",\"--listen=localhost:50001\",\"--config_dir=/home/user/studio/dataconnect\",\"--enable_output_schema_extensions=true\",\"--enable_output_generated_sdk=true\"],\"optionalArgs\":[\"listen\",\"config_dir\",\"enable_output_schema_extensions\",\"enable_output_generated_sdk\"],\"joinArgs\":true,\"shell\":false,\"port\":9399}"}}
[info] i  dataconnect: Data Connect Emulator logging to dataconnect-debug.log {"metadata":{"emulator":{"name":"dataconnect"},"message":"Data Connect Emulator logging to dataconnect-debug.log"}}
[debug] [2026-02-27T18:25:18.413Z] I0227 18:25:18.050260     513 load.go:31] Reloading schema and connectors...
 {"metadata":{"emulator":{"name":"dataconnect"},"message":"I0227 18:25:18.050260     513 load.go:31] Reloading schema and connectors...\n"}}
[debug] [2026-02-27T18:25:18.807Z] <<< [apiv2][status] GET https://firebase.googleapis.com/v1beta1/projects 200
[debug] [2026-02-27T18:25:18.808Z] <<< [apiv2][body] GET https://firebase.googleapis.com/v1beta1/projects [omitted]
[debug] [2026-02-27T18:25:19.394Z] W0227 18:25:19.270337     513 control.go:74] [/emulator/studio-v0 34ee] connector "default" has errors: connector/mutations.gql:8:1: On @auth: cannot specify both `level` and `expr`
connector/mutations.gql:11:1: On @auth: cannot specify both `level` and `expr`
connector/mutations.gql:26:1: On @auth: cannot specify both `level` and `expr`
connector/mutations.gql:43:1: On @auth: cannot specify both `level` and `expr`
connector/mutations.gql:57:1: On @auth: cannot specify both `level` and `expr`
connector/queries.gql:4:1: On @auth: cannot specify both `level` and `expr`
connector/queries.gql:17:1: On @auth: cannot specify both `level` and `expr`
connector/queries.gql:48:1: On @auth: cannot specify both `level` and `expr`
connector/queries.gql:63:1: On @auth: cannot specify both `level` and `expr`
connector/queries.gql:73:1: On @auth: cannot specify both `level` and `expr`
connector/queries.gql:82:1: On @auth: cannot specify both `level` and `expr`
connector/queries.gql:91:1: On @auth: cannot specify both `level` and `expr`
connector/queries.gql:102:1: On @auth: cannot specify both `level` and `expr`
connector/queries.gql:110:1: On @auth: cannot specify both `level` and `expr`
connector/queries.gql:120:1: On @auth: cannot specify both `level` and `expr`
connector/queries.gql:131:1: On @auth: cannot specify both `level` and `expr`
connector/queries.gql:140:1: On @auth: cannot specify both `level` and `expr`

sources: connector/mutations.gql [3224B] connector/queries.gql [2998B] 
I0227 18:25:19.270475     513 control.go:100] [/emulator/studio-v0 34ee] UpdateResources(): done
Main schema: sources: schema/schema.gql [3721B] 
Connector "default": sources: connector/mutations.gql [3224B] connector/queries.gql [2998B] 
E0227 18:25:19.305093     513 load.go:73] Could not load sources: 
Errors: connector/mutations.gql:8:1: On @auth: cannot specify both `level` and `expr`
connector/mutations.gql:11:1: On @auth: cannot specify both `level` and `expr`
connector/mutations.gql:26:1: On @auth: cannot specify both `level` and `expr`
connector/mutations.gql:43:1: On @auth: cannot specify both `level` and `expr`
connector/mutations.gql:57:1: On @auth: cannot specify both `level` and `expr`
connector/queries.gql:4:1: On @auth: cannot specify both `level` and `expr`
connector/queries.gql:17:1: On @auth: cannot specify both `level` and `expr`
connector/queries.gql:48:1: On @auth: cannot specify both `level` and `expr`
connector/queries.gql:63:1: On @auth: cannot specify both `level` and `expr`
connector/queries.gql:73:1: On @auth: cannot specify both `level` and `expr`
connector/queries.gql:82:1: On @auth: cannot specify both `level` and `expr`
connector/queries.gql:91:1: On @auth: cannot specify both `level` and `expr`
connector/queries.gql:102:1: On @auth: cannot specify both `level` and `expr`
connector/queries.gql:110:1: On @auth: cannot specify both `level` and `expr`
connector/queries.gql:120:1: On @auth: cannot specify both `level` and `expr`
connector/queries.gql:131:1: On @auth: cannot specify both `level` and `expr`
connector/queries.gql:140:1: On @auth: cannot specify both `level` and `expr`
 {"metadata":{"emulator":{"name":"dataconnect"},"message":"W0227 18:25:19.270337     513 control.go:74] [/emulator/studio-v0 34ee] connector \"default\" has errors: connector/mutations.gql:8:1: On @auth: cannot specify both `level` and `expr`\nconnector/mutations.gql:11:1: On @auth: cannot specify both `level` and `expr`\nconnector/mutations.gql:26:1: On @auth: cannot specify both `level` and `expr`\nconnector/mutations.gql:43:1: On @auth: cannot specify both `level` and `expr`\nconnector/mutations.gql:57:1: On @auth: cannot specify both `level` and `expr`\nconnector/queries.gql:4:1: On @auth: cannot specify both `level` and `expr`\nconnector/queries.gql:17:1: On @auth: cannot specify both `level` and `expr`\nconnector/queries.gql:48:1: On @auth: cannot specify both `level` and `expr`\nconnector/queries.gql:63:1: On @auth: cannot specify both `level` and `expr`\nconnector/queries.gql:73:1: On @auth: cannot specify both `level` and `expr`\nconnector/queries.gql:82:1: On @auth: cannot specify both `level` and `expr`\nconnector/queries.gql:91:1: On @auth: cannot specify both `level` and `expr`\nconnector/queries.gql:102:1: On @auth: cannot specify both `level` and `expr`\nconnector/queries.gql:110:1: On @auth: cannot specify both `level` and `expr`\nconnector/queries.gql:120:1: On @auth: cannot specify both `level` and `expr`\nconnector/queries.gql:131:1: On @auth: cannot specify both `level` and `expr`\nconnector/queries.gql:140:1: On @auth: cannot specify both `level` and `expr`\n\nsources: connector/mutations.gql [3224B] connector/queries.gql [2998B] \nI0227 18:25:19.270475     513 control.go:100] [/emulator/studio-v0 34ee] UpdateResources(): done\nMain schema: sources: schema/schema.gql [3721B] \nConnector \"default\": sources: connector/mutations.gql [3224B] connector/queries.gql [2998B] \nE0227 18:25:19.305093     513 load.go:73] Could not load sources: \nErrors: connector/mutations.gql:8:1: On @auth: cannot specify both `level` and `expr`\nconnector/mutations.gql:11:1: On @auth: cannot specify both `level` and `expr`\nconnector/mutations.gql:26:1: On @auth: cannot specify both `level` and `expr`\nconnector/mutations.gql:43:1: On @auth: cannot specify both `level` and `expr`\nconnector/mutations.gql:57:1: On @auth: cannot specify both `level` and `expr`\nconnector/queries.gql:4:1: On @auth: cannot specify both `level` and `expr`\nconnector/queries.gql:17:1: On @auth: cannot specify both `level` and `expr`\nconnector/queries.gql:48:1: On @auth: cannot specify both `level` and `expr`\nconnector/queries.gql:63:1: On @auth: cannot specify both `level` and `expr`\nconnector/queries.gql:73:1: On @auth: cannot specify both `level` and `expr`\nconnector/queries.gql:82:1: On @auth: cannot specify both `level` and `expr`\nconnector/queries.gql:91:1: On @auth: cannot specify both `level` and `expr`\nconnector/queries.gql:102:1: On @auth: cannot specify both `level` and `expr`\nconnector/queries.gql:110:1: On @auth: cannot specify both `level` and `expr`\nconnector/queries.gql:120:1: On @auth: cannot specify both `level` and `expr`\nconnector/queries.gql:131:1: On @auth: cannot specify both `level` and `expr`\nconnector/queries.gql:140:1: On @auth: cannot specify both `level` and `expr`\n"}}
[debug] [2026-02-27T18:25:19.663Z] I0227 18:25:19.657773     513 collector.go:107] schema extensions wrote into "/home/user/studio/dataconnect/.dataconnect/schema"
Generated sources: main/implicit.gql [3267B] main/input.gql [122168B] main/relation.gql [51784B] main/query.gql [15655B] main/mutation.gql [41655B] prelude.gql [73281B] 
I0227 18:25:19.657862     513 load.go:74] Finished reloading
 {"metadata":{"emulator":{"name":"dataconnect"},"message":"I0227 18:25:19.657773     513 collector.go:107] schema extensions wrote into \"/home/user/studio/dataconnect/.dataconnect/schema\"\nGenerated sources: main/implicit.gql [3267B] main/input.gql [122168B] main/relation.gql [51784B] main/query.gql [15655B] main/mutation.gql [41655B] prelude.gql [73281B] \nI0227 18:25:19.657862     513 load.go:74] Finished reloading\n"}}
[debug] [2026-02-27T18:25:20.120Z] I0227 18:25:19.737764     513 dev.go:104] Listening on address (HTTP + gRPC): 127.0.0.1:50001
 {"metadata":{"emulator":{"name":"dataconnect"},"message":"I0227 18:25:19.737764     513 dev.go:104] Listening on address (HTTP + gRPC): 127.0.0.1:50001\n"}}
[debug] [2026-02-27T18:25:21.358Z] I0227 18:25:20.967482     513 engine.go:205] [/emulator/studio-v0 34ee] ExecuteGraphqlRead IntrospectionQuery: succeeded. 
 {"metadata":{"emulator":{"name":"dataconnect"},"message":"I0227 18:25:20.967482     513 engine.go:205] [/emulator/studio-v0 34ee] ExecuteGraphqlRead IntrospectionQuery: succeeded. \n"}}
[debug] [2026-02-27T19:06:19.994Z] I0227 19:06:19.797587     513 load.go:31] Reloading schema and connectors...
 {"metadata":{"emulator":{"name":"dataconnect"},"message":"I0227 19:06:19.797587     513 load.go:31] Reloading schema and connectors...\n"}}
[debug] [2026-02-27T19:06:20.870Z] W0227 19:06:20.866407     513 control.go:74] [/emulator/studio-v0 e3c5] connector "default" has errors: connector/mutations.gql:9:29: Expected Name, found $

sources: connector/mutations.gql [3615B] connector/queries.gql [2998B] 
I0227 19:06:20.868813     513 control.go:100] [/emulator/studio-v0 e3c5] UpdateResources(): done
Main schema: sources: schema/schema.gql [3721B] 
Connector "default": sources: connector/queries.gql [2998B] connector/mutations.gql [3615B] 
 {"metadata":{"emulator":{"name":"dataconnect"},"message":"W0227 19:06:20.866407     513 control.go:74] [/emulator/studio-v0 e3c5] connector \"default\" has errors: connector/mutations.gql:9:29: Expected Name, found $\n\nsources: connector/mutations.gql [3615B] connector/queries.gql [2998B] \nI0227 19:06:20.868813     513 control.go:100] [/emulator/studio-v0 e3c5] UpdateResources(): done\nMain schema: sources: schema/schema.gql [3721B] \nConnector \"default\": sources: connector/queries.gql [2998B] connector/mutations.gql [3615B] \n"}}
[debug] [2026-02-27T19:06:20.889Z] E0227 19:06:20.888536     513 load.go:73] Could not load sources: 
Errors: connector/mutations.gql:9:29: Expected Name, found $
 {"metadata":{"emulator":{"name":"dataconnect"},"message":"E0227 19:06:20.888536     513 load.go:73] Could not load sources: \nErrors: connector/mutations.gql:9:29: Expected Name, found $\n"}}
[debug] [2026-02-27T19:06:20.918Z] I0227 19:06:20.917744     513 collector.go:107] schema extensions wrote into "/home/user/studio/dataconnect/.dataconnect/schema"
Generated sources: prelude.gql [73281B] main/input.gql [122168B] main/relation.gql [51784B] main/query.gql [15655B] main/mutation.gql [41655B] main/implicit.gql [3267B] 
 {"metadata":{"emulator":{"name":"dataconnect"},"message":"I0227 19:06:20.917744     513 collector.go:107] schema extensions wrote into \"/home/user/studio/dataconnect/.dataconnect/schema\"\nGenerated sources: prelude.gql [73281B] main/input.gql [122168B] main/relation.gql [51784B] main/query.gql [15655B] main/mutation.gql [41655B] main/implicit.gql [3267B] \n"}}
[debug] [2026-02-27T19:06:20.923Z] I0227 19:06:20.920246     513 load.go:74] Finished reloading
 {"metadata":{"emulator":{"name":"dataconnect"},"message":"I0227 19:06:20.920246     513 load.go:74] Finished reloading\n"}}
[debug] [2026-03-03T16:31:03.178Z] [Firebase Plugin] Activating Firebase extension.
[debug] [2026-03-03T16:31:46.636Z] [Firebase Plugin] requireAuthWrapper
[debug] [2026-03-03T16:31:46.654Z] > command requires scopes: ["email","openid","https://www.googleapis.com/auth/cloudplatformprojects.readonly","https://www.googleapis.com/auth/firebase","https://www.googleapis.com/auth/cloud-platform","https://www.googleapis.com/auth/userinfo.email"]
[debug] [2026-03-03T16:31:46.659Z] > authorizing via signed-in user (lumacx@gmail.com)
[debug] [2026-03-03T16:31:46.776Z] Checked if tokens are valid: false, expires at: 1772220308094
[debug] [2026-03-03T16:31:46.782Z] Checked if tokens are valid: false, expires at: 1772220308094
[debug] [2026-03-03T16:31:46.784Z] > refreshing access token with scopes: []
[debug] [2026-03-03T16:31:46.812Z] >>> [apiv2][query] POST https://www.googleapis.com/oauth2/v3/token [none]
[debug] [2026-03-03T16:31:46.819Z] >>> [apiv2][body] POST https://www.googleapis.com/oauth2/v3/token [omitted]
[debug] [2026-03-03T16:31:47.207Z] [Firebase Plugin] VSCode notification server listening on port 40001
[debug] [2026-03-03T16:31:47.949Z] <<< [apiv2][status] POST https://www.googleapis.com/oauth2/v3/token 200
[debug] [2026-03-03T16:31:47.952Z] <<< [apiv2][body] POST https://www.googleapis.com/oauth2/v3/token [omitted]
[debug] [2026-03-03T16:31:47.985Z] [Firebase Plugin] User found:  lumacx@gmail.com
[info] [Firebase Plugin] (Core:Project) New user detected, fetching projects
[debug] [2026-03-03T16:31:48.000Z] Checked if tokens are valid: true, expires at: 1772559106953
[debug] [2026-03-03T16:31:48.009Z] >>> [apiv2][query] GET https://firebase.googleapis.com/v1beta1/projects pageSize=1000
[debug] [2026-03-03T16:31:48.857Z] <<< [apiv2][status] GET https://firebase.googleapis.com/v1beta1/projects 200
[debug] [2026-03-03T16:31:48.861Z] <<< [apiv2][body] GET https://firebase.googleapis.com/v1beta1/projects [omitted]
[info] [Firebase Plugin] Starting Data Connect toolkit (version 3.1.4) on port 50001
[info] i  dataconnect: downloading dataconnect-emulator-3.1.4... {"metadata":{"emulator":{"name":"dataconnect"},"message":"downloading dataconnect-emulator-3.1.4..."}}
[debug] [2026-03-03T16:31:53.843Z] >>> [apiv2][query] GET https://storage.googleapis.com/firemat-preview-drop/emulator/dataconnect-emulator-linux-amd64-v3.1.4 
[debug] [2026-03-03T16:31:54.378Z] <<< [apiv2][status] GET https://storage.googleapis.com/firemat-preview-drop/emulator/dataconnect-emulator-linux-amd64-v3.1.4 200
[debug] [2026-03-03T16:31:54.382Z] <<< [apiv2][body] GET https://storage.googleapis.com/firemat-preview-drop/emulator/dataconnect-emulator-linux-amd64-v3.1.4 [stream]
[info] i  dataconnect: Removing outdated emulator files: dataconnect-emulator-3.1.1 {"metadata":{"emulator":{"name":"dataconnect"},"message":"Removing outdated emulator files: dataconnect-emulator-3.1.1"}}
[debug] [2026-03-03T16:32:17.271Z] W0303 16:32:17.261522     493 control.go:74] [/emulator/studio-v0 67bc] connector "default" has errors: connector/mutations.gql:9:29: Expected Name, found $

sources: connector/mutations.gql [3615B] connector/queries.gql [2998B] 
I0303 16:32:17.261730     493 control.go:100] [/emulator/studio-v0 67bc] UpdateResources(): done
Main schema: sources: schema/schema.gql [3721B] 
Connector "default": sources: connector/mutations.gql [3615B] connector/queries.gql [2998B] 
 {"metadata":{"emulator":{"name":"dataconnect"},"message":"W0303 16:32:17.261522     493 control.go:74] [/emulator/studio-v0 67bc] connector \"default\" has errors: connector/mutations.gql:9:29: Expected Name, found $\n\nsources: connector/mutations.gql [3615B] connector/queries.gql [2998B] \nI0303 16:32:17.261730     493 control.go:100] [/emulator/studio-v0 67bc] UpdateResources(): done\nMain schema: sources: schema/schema.gql [3721B] \nConnector \"default\": sources: connector/mutations.gql [3615B] connector/queries.gql [2998B] \n"}}
[debug] [2026-03-03T16:32:17.278Z] Ignoring unsupported arg: auto_download {"metadata":{"emulator":{"name":"dataconnect"},"message":"Ignoring unsupported arg: auto_download"}}
[debug] [2026-03-03T16:32:17.280Z] Ignoring unsupported arg: port {"metadata":{"emulator":{"name":"dataconnect"},"message":"Ignoring unsupported arg: port"}}
[debug] [2026-03-03T16:32:17.282Z] Starting Data Connect Emulator with command {"binary":"/home/user/.cache/firebase/emulators/dataconnect-emulator-3.1.4","args":["--logtostderr","-v=2","dev","--listen=localhost:50001","--config_dir=/home/user/studio/dataconnect","--enable_output_schema_extensions=true","--enable_output_generated_sdk=true"],"optionalArgs":["listen","config_dir","enable_output_schema_extensions","enable_output_generated_sdk"],"joinArgs":true,"shell":false,"port":9399} {"metadata":{"emulator":{"name":"dataconnect"},"message":"Starting Data Connect Emulator with command {\"binary\":\"/home/user/.cache/firebase/emulators/dataconnect-emulator-3.1.4\",\"args\":[\"--logtostderr\",\"-v=2\",\"dev\",\"--listen=localhost:50001\",\"--config_dir=/home/user/studio/dataconnect\",\"--enable_output_schema_extensions=true\",\"--enable_output_generated_sdk=true\"],\"optionalArgs\":[\"listen\",\"config_dir\",\"enable_output_schema_extensions\",\"enable_output_generated_sdk\"],\"joinArgs\":true,\"shell\":false,\"port\":9399}"}}
[info] i  dataconnect: Data Connect Emulator logging to dataconnect-debug.log {"metadata":{"emulator":{"name":"dataconnect"},"message":"Data Connect Emulator logging to dataconnect-debug.log"}}
[debug] [2026-03-03T16:32:17.473Z] I0303 16:32:17.454397     498 load.go:31] Reloading schema and connectors...
 {"metadata":{"emulator":{"name":"dataconnect"},"message":"I0303 16:32:17.454397     498 load.go:31] Reloading schema and connectors...\n"}}
[debug] [2026-03-03T16:32:18.221Z] W0303 16:32:18.220841     498 control.go:74] [/emulator/studio-v0 df65] connector "default" has errors: connector/mutations.gql:9:29: Expected Name, found $

sources: connector/mutations.gql [3615B] connector/queries.gql [2998B] 
 {"metadata":{"emulator":{"name":"dataconnect"},"message":"W0303 16:32:18.220841     498 control.go:74] [/emulator/studio-v0 df65] connector \"default\" has errors: connector/mutations.gql:9:29: Expected Name, found $\n\nsources: connector/mutations.gql [3615B] connector/queries.gql [2998B] \n"}}
[debug] [2026-03-03T16:32:18.227Z] I0303 16:32:18.223034     498 control.go:100] [/emulator/studio-v0 df65] UpdateResources(): done
Main schema: sources: schema/schema.gql [3721B] 
Connector "default": sources: connector/mutations.gql [3615B] connector/queries.gql [2998B] 
 {"metadata":{"emulator":{"name":"dataconnect"},"message":"I0303 16:32:18.223034     498 control.go:100] [/emulator/studio-v0 df65] UpdateResources(): done\nMain schema: sources: schema/schema.gql [3721B] \nConnector \"default\": sources: connector/mutations.gql [3615B] connector/queries.gql [2998B] \n"}}
[debug] [2026-03-03T16:32:18.260Z] E0303 16:32:18.257905     498 load.go:73] Could not load sources: 
Errors: connector/mutations.gql:9:29: Expected Name, found $
 {"metadata":{"emulator":{"name":"dataconnect"},"message":"E0303 16:32:18.257905     498 load.go:73] Could not load sources: \nErrors: connector/mutations.gql:9:29: Expected Name, found $\n"}}
[debug] [2026-03-03T16:32:18.272Z] I0303 16:32:18.270622     498 collector.go:107] schema extensions wrote into "/home/user/studio/dataconnect/.dataconnect/schema"
Generated sources: main/relation.gql [51784B] main/query.gql [15655B] main/mutation.gql [41655B] main/implicit.gql [3267B] prelude.gql [80731B] main/input.gql [122168B] 
I0303 16:32:18.270707     498 load.go:74] Finished reloading
 {"metadata":{"emulator":{"name":"dataconnect"},"message":"I0303 16:32:18.270622     498 collector.go:107] schema extensions wrote into \"/home/user/studio/dataconnect/.dataconnect/schema\"\nGenerated sources: main/relation.gql [51784B] main/query.gql [15655B] main/mutation.gql [41655B] main/implicit.gql [3267B] prelude.gql [80731B] main/input.gql [122168B] \nI0303 16:32:18.270707     498 load.go:74] Finished reloading\n"}}
[debug] [2026-03-03T16:32:23.716Z] I0303 16:32:18.303111     498 dev.go:104] Listening on address (HTTP + gRPC): 127.0.0.1:50001
 {"metadata":{"emulator":{"name":"dataconnect"},"message":"I0303 16:32:18.303111     498 dev.go:104] Listening on address (HTTP + gRPC): 127.0.0.1:50001\n"}}
[debug] [2026-03-03T16:32:24.534Z] I0303 16:32:24.495161     498 engine.go:208] [/emulator/studio-v0 df65] ExecuteGraphqlRead IntrospectionQuery: succeeded. 
 {"metadata":{"emulator":{"name":"dataconnect"},"message":"I0303 16:32:24.495161     498 engine.go:208] [/emulator/studio-v0 df65] ExecuteGraphqlRead IntrospectionQuery: succeeded. \n"}}
[debug] [2026-03-03T16:47:48.362Z] I0303 16:47:48.278469     498 load.go:31] Reloading schema and connectors...
 {"metadata":{"emulator":{"name":"dataconnect"},"message":"I0303 16:47:48.278469     498 load.go:31] Reloading schema and connectors...\n"}}
[debug] [2026-03-03T16:47:48.887Z] W0303 16:47:48.886102     498 control.go:74] [/emulator/studio-v0 6c0b] connector "default" has errors: connector/mutations.gql:9:29: Expected Name, found $

sources: connector/mutations.gql [3656B] connector/queries.gql [2998B] 
I0303 16:47:48.886205     498 control.go:100] [/emulator/studio-v0 6c0b] UpdateResources(): done
Main schema: sources: schema/schema.gql [3721B] 
Connector "default": sources: connector/mutations.gql [3656B] connector/queries.gql [2998B] 
 {"metadata":{"emulator":{"name":"dataconnect"},"message":"W0303 16:47:48.886102     498 control.go:74] [/emulator/studio-v0 6c0b] connector \"default\" has errors: connector/mutations.gql:9:29: Expected Name, found $\n\nsources: connector/mutations.gql [3656B] connector/queries.gql [2998B] \nI0303 16:47:48.886205     498 control.go:100] [/emulator/studio-v0 6c0b] UpdateResources(): done\nMain schema: sources: schema/schema.gql [3721B] \nConnector \"default\": sources: connector/mutations.gql [3656B] connector/queries.gql [2998B] \n"}}
[debug] [2026-03-03T16:47:48.914Z] E0303 16:47:48.914237     498 load.go:73] Could not load sources: 
Errors: connector/mutations.gql:9:29: Expected Name, found $
 {"metadata":{"emulator":{"name":"dataconnect"},"message":"E0303 16:47:48.914237     498 load.go:73] Could not load sources: \nErrors: connector/mutations.gql:9:29: Expected Name, found $\n"}}
[debug] [2026-03-03T16:47:48.921Z] I0303 16:47:48.919813     498 collector.go:107] schema extensions wrote into "/home/user/studio/dataconnect/.dataconnect/schema"
Generated sources: main/implicit.gql [3267B] prelude.gql [80731B] main/input.gql [122168B] main/relation.gql [51784B] main/query.gql [15655B] main/mutation.gql [41655B] 
 {"metadata":{"emulator":{"name":"dataconnect"},"message":"I0303 16:47:48.919813     498 collector.go:107] schema extensions wrote into \"/home/user/studio/dataconnect/.dataconnect/schema\"\nGenerated sources: main/implicit.gql [3267B] prelude.gql [80731B] main/input.gql [122168B] main/relation.gql [51784B] main/query.gql [15655B] main/mutation.gql [41655B] \n"}}
[debug] [2026-03-03T16:47:48.924Z] I0303 16:47:48.924083     498 load.go:74] Finished reloading
 {"metadata":{"emulator":{"name":"dataconnect"},"message":"I0303 16:47:48.924083     498 load.go:74] Finished reloading\n"}}
[debug] [2026-03-03T16:47:58.287Z] I0303 16:47:58.287068     498 load.go:31] Reloading schema and connectors...
 {"metadata":{"emulator":{"name":"dataconnect"},"message":"I0303 16:47:58.287068     498 load.go:31] Reloading schema and connectors...\n"}}
[debug] [2026-03-03T16:47:58.889Z] W0303 16:47:58.886646     498 control.go:74] [/emulator/studio-v0 c781] connector "default" has errors: connector/queries.gql:4:1: On @auth: cannot specify both `level` and `expr`
connector/queries.gql:17:1: On @auth: cannot specify both `level` and `expr`
connector/queries.gql:48:1: On @auth: cannot specify both `level` and `expr`
connector/queries.gql:63:1: On @auth: cannot specify both `level` and `expr`
connector/queries.gql:73:1: On @auth: cannot specify both `level` and `expr`
connector/queries.gql:82:1: On @auth: cannot specify both `level` and `expr`
connector/queries.gql:91:1: On @auth: cannot specify both `level` and `expr`
connector/queries.gql:102:1: On @auth: cannot specify both `level` and `expr`
connector/queries.gql:110:1: On @auth: cannot specify both `level` and `expr`
connector/queries.gql:120:1: On @auth: cannot specify both `level` and `expr`
connector/queries.gql:131:1: On @auth: cannot specify both `level` and `expr`
connector/queries.gql:140:1: On @auth: cannot specify both `level` and `expr`

sources: connector/mutations.gql [3071B] connector/queries.gql [2998B] 
I0303 16:47:58.886752     498 control.go:100] [/emulator/studio-v0 c781] UpdateResources(): done
Main schema: sources: schema/schema.gql [3721B] 
Connector "default": sources: connector/mutations.gql [3071B] connector/queries.gql [2998B] 
 {"metadata":{"emulator":{"name":"dataconnect"},"message":"W0303 16:47:58.886646     498 control.go:74] [/emulator/studio-v0 c781] connector \"default\" has errors: connector/queries.gql:4:1: On @auth: cannot specify both `level` and `expr`\nconnector/queries.gql:17:1: On @auth: cannot specify both `level` and `expr`\nconnector/queries.gql:48:1: On @auth: cannot specify both `level` and `expr`\nconnector/queries.gql:63:1: On @auth: cannot specify both `level` and `expr`\nconnector/queries.gql:73:1: On @auth: cannot specify both `level` and `expr`\nconnector/queries.gql:82:1: On @auth: cannot specify both `level` and `expr`\nconnector/queries.gql:91:1: On @auth: cannot specify both `level` and `expr`\nconnector/queries.gql:102:1: On @auth: cannot specify both `level` and `expr`\nconnector/queries.gql:110:1: On @auth: cannot specify both `level` and `expr`\nconnector/queries.gql:120:1: On @auth: cannot specify both `level` and `expr`\nconnector/queries.gql:131:1: On @auth: cannot specify both `level` and `expr`\nconnector/queries.gql:140:1: On @auth: cannot specify both `level` and `expr`\n\nsources: connector/mutations.gql [3071B] connector/queries.gql [2998B] \nI0303 16:47:58.886752     498 control.go:100] [/emulator/studio-v0 c781] UpdateResources(): done\nMain schema: sources: schema/schema.gql [3721B] \nConnector \"default\": sources: connector/mutations.gql [3071B] connector/queries.gql [2998B] \n"}}
[debug] [2026-03-03T16:47:58.920Z] E0303 16:47:58.918450     498 load.go:73] Could not load sources: 
Errors: connector/queries.gql:4:1: On @auth: cannot specify both `level` and `expr`
connector/queries.gql:17:1: On @auth: cannot specify both `level` and `expr`
connector/queries.gql:48:1: On @auth: cannot specify both `level` and `expr`
connector/queries.gql:63:1: On @auth: cannot specify both `level` and `expr`
connector/queries.gql:73:1: On @auth: cannot specify both `level` and `expr`
connector/queries.gql:82:1: On @auth: cannot specify both `level` and `expr`
connector/queries.gql:91:1: On @auth: cannot specify both `level` and `expr`
connector/queries.gql:102:1: On @auth: cannot specify both `level` and `expr`
connector/queries.gql:110:1: On @auth: cannot specify both `level` and `expr`
connector/queries.gql:120:1: On @auth: cannot specify both `level` and `expr`
connector/queries.gql:131:1: On @auth: cannot specify both `level` and `expr`
connector/queries.gql:140:1: On @auth: cannot specify both `level` and `expr`
 {"metadata":{"emulator":{"name":"dataconnect"},"message":"E0303 16:47:58.918450     498 load.go:73] Could not load sources: \nErrors: connector/queries.gql:4:1: On @auth: cannot specify both `level` and `expr`\nconnector/queries.gql:17:1: On @auth: cannot specify both `level` and `expr`\nconnector/queries.gql:48:1: On @auth: cannot specify both `level` and `expr`\nconnector/queries.gql:63:1: On @auth: cannot specify both `level` and `expr`\nconnector/queries.gql:73:1: On @auth: cannot specify both `level` and `expr`\nconnector/queries.gql:82:1: On @auth: cannot specify both `level` and `expr`\nconnector/queries.gql:91:1: On @auth: cannot specify both `level` and `expr`\nconnector/queries.gql:102:1: On @auth: cannot specify both `level` and `expr`\nconnector/queries.gql:110:1: On @auth: cannot specify both `level` and `expr`\nconnector/queries.gql:120:1: On @auth: cannot specify both `level` and `expr`\nconnector/queries.gql:131:1: On @auth: cannot specify both `level` and `expr`\nconnector/queries.gql:140:1: On @auth: cannot specify both `level` and `expr`\n"}}
[debug] [2026-03-03T16:47:58.926Z] I0303 16:47:58.923121     498 collector.go:107] schema extensions wrote into "/home/user/studio/dataconnect/.dataconnect/schema"
Generated sources: prelude.gql [80731B] main/implicit.gql [3267B] main/input.gql [122168B] main/relation.gql [51784B] main/query.gql [15655B] main/mutation.gql [41655B] 
I0303 16:47:58.923165     498 load.go:74] Finished reloading
 {"metadata":{"emulator":{"name":"dataconnect"},"message":"I0303 16:47:58.923121     498 collector.go:107] schema extensions wrote into \"/home/user/studio/dataconnect/.dataconnect/schema\"\nGenerated sources: prelude.gql [80731B] main/implicit.gql [3267B] main/input.gql [122168B] main/relation.gql [51784B] main/query.gql [15655B] main/mutation.gql [41655B] \nI0303 16:47:58.923165     498 load.go:74] Finished reloading\n"}}
[debug] [2026-03-03T16:51:18.288Z] I0303 16:51:18.278941     498 load.go:31] Reloading schema and connectors...
 {"metadata":{"emulator":{"name":"dataconnect"},"message":"I0303 16:51:18.278941     498 load.go:31] Reloading schema and connectors...\n"}}
[debug] [2026-03-03T16:51:18.639Z] W0303 16:51:18.639059     498 control.go:74] [/emulator/studio-v0 bdf7] connector "default" has errors: connector/queries.gql:5:22: Expected Name, found $

sources: connector/queries.gql [3730B] connector/mutations.gql [3071B] 
 {"metadata":{"emulator":{"name":"dataconnect"},"message":"W0303 16:51:18.639059     498 control.go:74] [/emulator/studio-v0 bdf7] connector \"default\" has errors: connector/queries.gql:5:22: Expected Name, found $\n\nsources: connector/queries.gql [3730B] connector/mutations.gql [3071B] \n"}}
[debug] [2026-03-03T16:51:18.643Z] I0303 16:51:18.640609     498 control.go:100] [/emulator/studio-v0 bdf7] UpdateResources(): done
Main schema: sources: schema/schema.gql [3721B] 
Connector "default": sources: connector/queries.gql [3730B] connector/mutations.gql [3071B] 
 {"metadata":{"emulator":{"name":"dataconnect"},"message":"I0303 16:51:18.640609     498 control.go:100] [/emulator/studio-v0 bdf7] UpdateResources(): done\nMain schema: sources: schema/schema.gql [3721B] \nConnector \"default\": sources: connector/queries.gql [3730B] connector/mutations.gql [3071B] \n"}}
[debug] [2026-03-03T16:51:18.656Z] E0303 16:51:18.654834     498 load.go:73] Could not load sources: 
Errors: connector/queries.gql:5:22: Expected Name, found $
 {"metadata":{"emulator":{"name":"dataconnect"},"message":"E0303 16:51:18.654834     498 load.go:73] Could not load sources: \nErrors: connector/queries.gql:5:22: Expected Name, found $\n"}}
[debug] [2026-03-03T16:51:18.660Z] I0303 16:51:18.657261     498 collector.go:107] schema extensions wrote into "/home/user/studio/dataconnect/.dataconnect/schema"
Generated sources: main/query.gql [15655B] main/mutation.gql [41655B] prelude.gql [80731B] main/implicit.gql [3267B] main/input.gql [122168B] main/relation.gql [51784B] 
I0303 16:51:18.657311     498 load.go:74] Finished reloading
 {"metadata":{"emulator":{"name":"dataconnect"},"message":"I0303 16:51:18.657261     498 collector.go:107] schema extensions wrote into \"/home/user/studio/dataconnect/.dataconnect/schema\"\nGenerated sources: main/query.gql [15655B] main/mutation.gql [41655B] prelude.gql [80731B] main/implicit.gql [3267B] main/input.gql [122168B] main/relation.gql [51784B] \nI0303 16:51:18.657311     498 load.go:74] Finished reloading\n"}}
[debug] [2026-03-03T16:51:38.287Z] I0303 16:51:38.287393     498 load.go:31] Reloading schema and connectors...
 {"metadata":{"emulator":{"name":"dataconnect"},"message":"I0303 16:51:38.287393     498 load.go:31] Reloading schema and connectors...\n"}}
[debug] [2026-03-03T16:51:38.707Z] I0303 16:51:38.700135     498 control.go:100] [/emulator/studio-v0 2ed1] UpdateResources(): done
Main schema: sources: schema/schema.gql [3721B] 
Connector "default": sources: connector/mutations.gql [3071B] connector/queries.gql [2742B] 
 {"metadata":{"emulator":{"name":"dataconnect"},"message":"I0303 16:51:38.700135     498 control.go:100] [/emulator/studio-v0 2ed1] UpdateResources(): done\nMain schema: sources: schema/schema.gql [3721B] \nConnector \"default\": sources: connector/mutations.gql [3071B] connector/queries.gql [2742B] \n"}}
[debug] [2026-03-03T16:51:39.186Z] I0303 16:51:39.183401     498 codegen.go:80] [connector "default" javascriptSdk] Generating sources into "/home/user/studio/dataconnect-generated/js/default-connector"
 {"metadata":{"emulator":{"name":"dataconnect"},"message":"I0303 16:51:39.183401     498 codegen.go:80] [connector \"default\" javascriptSdk] Generating sources into \"/home/user/studio/dataconnect-generated/js/default-connector\"\n"}}
[debug] [2026-03-03T16:51:39.392Z] I0303 16:51:39.391650     498 collector.go:107] schema extensions wrote into "/home/user/studio/dataconnect/.dataconnect/schema"
Generated sources: main/mutation.gql [41655B] main/implicit.gql [3267B] main/input.gql [122168B] main/relation.gql [51784B] prelude.gql [80731B] main/query.gql [15655B] 
 {"metadata":{"emulator":{"name":"dataconnect"},"message":"I0303 16:51:39.391650     498 collector.go:107] schema extensions wrote into \"/home/user/studio/dataconnect/.dataconnect/schema\"\nGenerated sources: main/mutation.gql [41655B] main/implicit.gql [3267B] main/input.gql [122168B] main/relation.gql [51784B] prelude.gql [80731B] main/query.gql [15655B] \n"}}
[debug] [2026-03-03T16:51:39.401Z] I0303 16:51:39.400671     498 collector.go:107] connector "default" javascriptSdk wrote into "/home/user/studio/dataconnect-generated/js/default-connector"
Generated sources: README.md [114804B] react/index.d.ts [11972B] react/index.cjs.js [9587B] .guides/usage.md [4476B] index.d.ts [24351B] esm/index.esm.js [10297B] esm/package.json [17B] react/esm/package.json [17B] react/esm/index.esm.js [9017B] .guides/setup.md [1690B] .guides/config.json [236B] react/package.json [468B] react/README.md [119315B] index.cjs.js [11927B] package.json [871B] 
 {"metadata":{"emulator":{"name":"dataconnect"},"message":"I0303 16:51:39.400671     498 collector.go:107] connector \"default\" javascriptSdk wrote into \"/home/user/studio/dataconnect-generated/js/default-connector\"\nGenerated sources: README.md [114804B] react/index.d.ts [11972B] react/index.cjs.js [9587B] .guides/usage.md [4476B] index.d.ts [24351B] esm/index.esm.js [10297B] esm/package.json [17B] react/esm/package.json [17B] react/esm/index.esm.js [9017B] .guides/setup.md [1690B] .guides/config.json [236B] react/package.json [468B] react/README.md [119315B] index.cjs.js [11927B] package.json [871B] \n"}}
[debug] [2026-03-03T16:51:39.442Z] I0303 16:51:39.441771     498 installsdk.go:55] Package @firebasegen/default-connector is already installed. Skipping installation
I0303 16:51:39.441852     498 load.go:109] Finished reloading
 {"metadata":{"emulator":{"name":"dataconnect"},"message":"I0303 16:51:39.441771     498 installsdk.go:55] Package @firebasegen/default-connector is already installed. Skipping installation\nI0303 16:51:39.441852     498 load.go:109] Finished reloading\n"}}
[debug] [2026-03-03T16:54:08.287Z] I0303 16:54:08.287090     498 load.go:31] Reloading schema and connectors...
 {"metadata":{"emulator":{"name":"dataconnect"},"message":"I0303 16:54:08.287090     498 load.go:31] Reloading schema and connectors...\n"}}
[debug] [2026-03-03T16:54:08.630Z] W0303 16:54:08.629624     498 control.go:74] [/emulator/studio-v0 5bd4] connector "default" has errors: connector/queries.gql:36:5: There can be only one argument named "orderBy".

sources: connector/mutations.gql [3071B] connector/queries.gql [2777B] 
 {"metadata":{"emulator":{"name":"dataconnect"},"message":"W0303 16:54:08.629624     498 control.go:74] [/emulator/studio-v0 5bd4] connector \"default\" has errors: connector/queries.gql:36:5: There can be only one argument named \"orderBy\".\n\nsources: connector/mutations.gql [3071B] connector/queries.gql [2777B] \n"}}
[debug] [2026-03-03T16:54:08.634Z] I0303 16:54:08.631647     498 control.go:100] [/emulator/studio-v0 5bd4] UpdateResources(): done
Main schema: sources: schema/schema.gql [3721B] 
Connector "default": sources: connector/queries.gql [2777B] connector/mutations.gql [3071B] 
 {"metadata":{"emulator":{"name":"dataconnect"},"message":"I0303 16:54:08.631647     498 control.go:100] [/emulator/studio-v0 5bd4] UpdateResources(): done\nMain schema: sources: schema/schema.gql [3721B] \nConnector \"default\": sources: connector/queries.gql [2777B] connector/mutations.gql [3071B] \n"}}
[debug] [2026-03-03T16:54:08.656Z] E0303 16:54:08.655711     498 load.go:73] Could not load sources: 
Errors: connector/queries.gql:36:5: There can be only one argument named "orderBy".
 {"metadata":{"emulator":{"name":"dataconnect"},"message":"E0303 16:54:08.655711     498 load.go:73] Could not load sources: \nErrors: connector/queries.gql:36:5: There can be only one argument named \"orderBy\".\n"}}
[debug] [2026-03-03T16:54:08.666Z] I0303 16:54:08.666646     498 collector.go:107] schema extensions wrote into "/home/user/studio/dataconnect/.dataconnect/schema"
Generated sources: main/input.gql [122168B] main/relation.gql [51784B] main/query.gql [15655B] main/mutation.gql [41655B] prelude.gql [80731B] main/implicit.gql [3267B] 
 {"metadata":{"emulator":{"name":"dataconnect"},"message":"I0303 16:54:08.666646     498 collector.go:107] schema extensions wrote into \"/home/user/studio/dataconnect/.dataconnect/schema\"\nGenerated sources: main/input.gql [122168B] main/relation.gql [51784B] main/query.gql [15655B] main/mutation.gql [41655B] prelude.gql [80731B] main/implicit.gql [3267B] \n"}}
[debug] [2026-03-03T16:54:08.677Z] I0303 16:54:08.667822     498 load.go:74] Finished reloading
 {"metadata":{"emulator":{"name":"dataconnect"},"message":"I0303 16:54:08.667822     498 load.go:74] Finished reloading\n"}}
[debug] [2026-03-03T16:54:18.280Z] I0303 16:54:18.278769     498 load.go:31] Reloading schema and connectors...
 {"metadata":{"emulator":{"name":"dataconnect"},"message":"I0303 16:54:18.278769     498 load.go:31] Reloading schema and connectors...\n"}}
[debug] [2026-03-03T16:54:18.676Z] I0303 16:54:18.675677     498 control.go:100] [/emulator/studio-v0 2fae] UpdateResources(): done
Main schema: sources: schema/schema.gql [3721B] 
Connector "default": sources: connector/mutations.gql [3071B] connector/queries.gql [2744B] 
 {"metadata":{"emulator":{"name":"dataconnect"},"message":"I0303 16:54:18.675677     498 control.go:100] [/emulator/studio-v0 2fae] UpdateResources(): done\nMain schema: sources: schema/schema.gql [3721B] \nConnector \"default\": sources: connector/mutations.gql [3071B] connector/queries.gql [2744B] \n"}}
[debug] [2026-03-03T16:54:19.013Z] I0303 16:54:19.011342     498 codegen.go:80] [connector "default" javascriptSdk] Generating sources into "/home/user/studio/dataconnect-generated/js/default-connector"
 {"metadata":{"emulator":{"name":"dataconnect"},"message":"I0303 16:54:19.011342     498 codegen.go:80] [connector \"default\" javascriptSdk] Generating sources into \"/home/user/studio/dataconnect-generated/js/default-connector\"\n"}}
[debug] [2026-03-03T16:54:19.126Z] I0303 16:54:19.126535     498 collector.go:107] schema extensions wrote into "/home/user/studio/dataconnect/.dataconnect/schema"
Generated sources: main/query.gql [15655B] main/mutation.gql [41655B] main/implicit.gql [3267B] main/input.gql [122168B] prelude.gql [80731B] main/relation.gql [51784B] 
 {"metadata":{"emulator":{"name":"dataconnect"},"message":"I0303 16:54:19.126535     498 collector.go:107] schema extensions wrote into \"/home/user/studio/dataconnect/.dataconnect/schema\"\nGenerated sources: main/query.gql [15655B] main/mutation.gql [41655B] main/implicit.gql [3267B] main/input.gql [122168B] prelude.gql [80731B] main/relation.gql [51784B] \n"}}
[debug] [2026-03-03T16:54:19.149Z] I0303 16:54:19.147586     498 collector.go:107] connector "default" javascriptSdk wrote into "/home/user/studio/dataconnect-generated/js/default-connector"
Generated sources: react/README.md [119315B] .guides/config.json [236B] .guides/usage.md [4176B] .guides/setup.md [1690B] index.d.ts [24351B] react/package.json [468B] index.cjs.js [11927B] README.md [114804B] react/index.d.ts [11972B] react/esm/package.json [17B] react/index.cjs.js [9587B] react/esm/index.esm.js [9017B] esm/index.esm.js [10297B] esm/package.json [17B] package.json [871B] 
 {"metadata":{"emulator":{"name":"dataconnect"},"message":"I0303 16:54:19.147586     498 collector.go:107] connector \"default\" javascriptSdk wrote into \"/home/user/studio/dataconnect-generated/js/default-connector\"\nGenerated sources: react/README.md [119315B] .guides/config.json [236B] .guides/usage.md [4176B] .guides/setup.md [1690B] index.d.ts [24351B] react/package.json [468B] index.cjs.js [11927B] README.md [114804B] react/index.d.ts [11972B] react/esm/package.json [17B] react/index.cjs.js [9587B] react/esm/index.esm.js [9017B] esm/index.esm.js [10297B] esm/package.json [17B] package.json [871B] \n"}}
[debug] [2026-03-03T16:54:19.194Z] I0303 16:54:19.182255     498 installsdk.go:55] Package @firebasegen/default-connector is already installed. Skipping installation
I0303 16:54:19.182324     498 load.go:109] Finished reloading
 {"metadata":{"emulator":{"name":"dataconnect"},"message":"I0303 16:54:19.182255     498 installsdk.go:55] Package @firebasegen/default-connector is already installed. Skipping installation\nI0303 16:54:19.182324     498 load.go:109] Finished reloading\n"}}
[debug] [2026-03-17T00:28:29.850Z] [Firebase Plugin] Activating Firebase extension.
[debug] [2026-03-17T00:28:41.837Z] [Firebase Plugin] requireAuthWrapper
[debug] [2026-03-17T00:28:41.850Z] > command requires scopes: ["email","openid","https://www.googleapis.com/auth/cloudplatformprojects.readonly","https://www.googleapis.com/auth/firebase","https://www.googleapis.com/auth/cloud-platform","https://www.googleapis.com/auth/userinfo.email"]
[debug] [2026-03-17T00:28:41.854Z] > authorizing via signed-in user (lumacx@gmail.com)
[debug] [2026-03-17T00:28:41.883Z] Checked if tokens are valid: false, expires at: 1772559106953
[debug] [2026-03-17T00:28:41.888Z] Checked if tokens are valid: false, expires at: 1772559106953
[debug] [2026-03-17T00:28:41.893Z] > refreshing access token with scopes: []
[debug] [2026-03-17T00:28:41.907Z] >>> [apiv2][query] POST https://www.googleapis.com/oauth2/v3/token [none]
[debug] [2026-03-17T00:28:41.910Z] >>> [apiv2][body] POST https://www.googleapis.com/oauth2/v3/token [omitted]
[debug] [2026-03-17T00:28:42.108Z] [Firebase Plugin] VSCode notification server listening on port 40001
[info] [Firebase Plugin] Starting Data Connect toolkit (version 3.1.4) on port 50001
[debug] [2026-03-17T00:28:48.898Z] I0317 00:28:48.418804     404 control.go:100] [/emulator/studio-v0 c1ca] UpdateResources(): done
Main schema: sources: schema/schema.gql [3721B] 
Connector "default": sources: connector/mutations.gql [3071B] connector/queries.gql [2744B] 
 {"metadata":{"emulator":{"name":"dataconnect"},"message":"I0317 00:28:48.418804     404 control.go:100] [/emulator/studio-v0 c1ca] UpdateResources(): done\nMain schema: sources: schema/schema.gql [3721B] \nConnector \"default\": sources: connector/mutations.gql [3071B] connector/queries.gql [2744B] \n"}}
[debug] [2026-03-17T00:28:48.905Z] Ignoring unsupported arg: auto_download {"metadata":{"emulator":{"name":"dataconnect"},"message":"Ignoring unsupported arg: auto_download"}}
[debug] [2026-03-17T00:28:48.909Z] Ignoring unsupported arg: port {"metadata":{"emulator":{"name":"dataconnect"},"message":"Ignoring unsupported arg: port"}}
[debug] [2026-03-17T00:28:48.910Z] Starting Data Connect Emulator with command {"binary":"/home/user/.cache/firebase/emulators/dataconnect-emulator-3.1.4","args":["--logtostderr","-v=2","dev","--listen=localhost:50001","--config_dir=/home/user/studio/dataconnect","--enable_output_schema_extensions=true","--enable_output_generated_sdk=true"],"optionalArgs":["listen","config_dir","enable_output_schema_extensions","enable_output_generated_sdk"],"joinArgs":true,"shell":false,"port":9399} {"metadata":{"emulator":{"name":"dataconnect"},"message":"Starting Data Connect Emulator with command {\"binary\":\"/home/user/.cache/firebase/emulators/dataconnect-emulator-3.1.4\",\"args\":[\"--logtostderr\",\"-v=2\",\"dev\",\"--listen=localhost:50001\",\"--config_dir=/home/user/studio/dataconnect\",\"--enable_output_schema_extensions=true\",\"--enable_output_generated_sdk=true\"],\"optionalArgs\":[\"listen\",\"config_dir\",\"enable_output_schema_extensions\",\"enable_output_generated_sdk\"],\"joinArgs\":true,\"shell\":false,\"port\":9399}"}}
[info] i  dataconnect: Data Connect Emulator logging to dataconnect-debug.log {"metadata":{"emulator":{"name":"dataconnect"},"message":"Data Connect Emulator logging to dataconnect-debug.log"}}
[debug] [2026-03-17T00:28:49.445Z] I0317 00:28:49.087942     409 load.go:31] Reloading schema and connectors...
 {"metadata":{"emulator":{"name":"dataconnect"},"message":"I0317 00:28:49.087942     409 load.go:31] Reloading schema and connectors...\n"}}
[debug] [2026-03-17T00:28:49.501Z] <<< [apiv2][status] POST https://www.googleapis.com/oauth2/v3/token 200
[debug] [2026-03-17T00:28:49.505Z] <<< [apiv2][body] POST https://www.googleapis.com/oauth2/v3/token [omitted]
[debug] [2026-03-17T00:28:49.539Z] [Firebase Plugin] User found:  lumacx@gmail.com
[info] [Firebase Plugin] (Core:Project) New user detected, fetching projects
[debug] [2026-03-17T00:28:49.550Z] Checked if tokens are valid: true, expires at: 1773710928505
[debug] [2026-03-17T00:28:49.554Z] >>> [apiv2][query] GET https://firebase.googleapis.com/v1beta1/projects pageSize=1000
[debug] [2026-03-17T00:28:50.577Z] I0317 00:28:50.218026     409 control.go:100] [/emulator/studio-v0 9f17] UpdateResources(): done
Main schema: sources: schema/schema.gql [3721B] 
Connector "default": sources: connector/mutations.gql [3071B] connector/queries.gql [2744B] 
 {"metadata":{"emulator":{"name":"dataconnect"},"message":"I0317 00:28:50.218026     409 control.go:100] [/emulator/studio-v0 9f17] UpdateResources(): done\nMain schema: sources: schema/schema.gql [3721B] \nConnector \"default\": sources: connector/mutations.gql [3071B] connector/queries.gql [2744B] \n"}}
[debug] [2026-03-17T00:28:51.480Z] I0317 00:28:51.305612     409 codegen.go:80] [connector "default" javascriptSdk] Generating sources into "/home/user/studio/dataconnect-generated/js/default-connector"
 {"metadata":{"emulator":{"name":"dataconnect"},"message":"I0317 00:28:51.305612     409 codegen.go:80] [connector \"default\" javascriptSdk] Generating sources into \"/home/user/studio/dataconnect-generated/js/default-connector\"\n"}}
[debug] [2026-03-17T00:28:51.738Z] I0317 00:28:51.688057     409 collector.go:107] schema extensions wrote into "/home/user/studio/dataconnect/.dataconnect/schema"
Generated sources: main/mutation.gql [41655B] main/implicit.gql [3267B] main/input.gql [122168B] prelude.gql [80731B] main/relation.gql [51784B] main/query.gql [15655B] 
I0317 00:28:51.716662     409 collector.go:107] connector "default" javascriptSdk wrote into "/home/user/studio/dataconnect-generated/js/default-connector"
Generated sources: esm/index.esm.js [10297B] react/esm/package.json [17B] .guides/config.json [236B] esm/package.json [17B] index.cjs.js [11927B] README.md [114804B] react/index.d.ts [11972B] .guides/setup.md [1690B] index.d.ts [24351B] package.json [871B] react/index.cjs.js [9587B] .guides/usage.md [4476B] react/package.json [468B] react/esm/index.esm.js [9017B] react/README.md [119315B] 
 {"metadata":{"emulator":{"name":"dataconnect"},"message":"I0317 00:28:51.688057     409 collector.go:107] schema extensions wrote into \"/home/user/studio/dataconnect/.dataconnect/schema\"\nGenerated sources: main/mutation.gql [41655B] main/implicit.gql [3267B] main/input.gql [122168B] prelude.gql [80731B] main/relation.gql [51784B] main/query.gql [15655B] \nI0317 00:28:51.716662     409 collector.go:107] connector \"default\" javascriptSdk wrote into \"/home/user/studio/dataconnect-generated/js/default-connector\"\nGenerated sources: esm/index.esm.js [10297B] react/esm/package.json [17B] .guides/config.json [236B] esm/package.json [17B] index.cjs.js [11927B] README.md [114804B] react/index.d.ts [11972B] .guides/setup.md [1690B] index.d.ts [24351B] package.json [871B] react/index.cjs.js [9587B] .guides/usage.md [4476B] react/package.json [468B] react/esm/index.esm.js [9017B] react/README.md [119315B] \n"}}
[debug] [2026-03-17T00:28:51.851Z] I0317 00:28:51.814332     409 installsdk.go:55] Package @firebasegen/default-connector is already installed. Skipping installation
I0317 00:28:51.814385     409 load.go:109] Finished reloading
 {"metadata":{"emulator":{"name":"dataconnect"},"message":"I0317 00:28:51.814332     409 installsdk.go:55] Package @firebasegen/default-connector is already installed. Skipping installation\nI0317 00:28:51.814385     409 load.go:109] Finished reloading\n"}}
[debug] [2026-03-17T00:28:51.924Z] I0317 00:28:51.880960     409 dev.go:104] Listening on address (HTTP + gRPC): 127.0.0.1:50001
 {"metadata":{"emulator":{"name":"dataconnect"},"message":"I0317 00:28:51.880960     409 dev.go:104] Listening on address (HTTP + gRPC): 127.0.0.1:50001\n"}}
[debug] [2026-03-17T00:28:52.019Z] <<< [apiv2][status] GET https://firebase.googleapis.com/v1beta1/projects 200
[debug] [2026-03-17T00:28:52.025Z] <<< [apiv2][body] GET https://firebase.googleapis.com/v1beta1/projects [omitted]
[debug] [2026-03-17T00:28:52.925Z] I0317 00:28:52.908564     409 engine.go:208] [/emulator/studio-v0 9f17] ExecuteGraphqlRead IntrospectionQuery: succeeded. 
 {"metadata":{"emulator":{"name":"dataconnect"},"message":"I0317 00:28:52.908564     409 engine.go:208] [/emulator/studio-v0 9f17] ExecuteGraphqlRead IntrospectionQuery: succeeded. \n"}}
[info] [Firebase Plugin] Stopping Data Connect toolkit
[warn] ⚠  Data Connect Emulator has exited upon receiving signal: SIGINT 
[debug] [2026-03-17T00:31:18.569Z] [Firebase Plugin] Activating Firebase extension.
[debug] [2026-03-17T00:31:28.687Z] [Firebase Plugin] requireAuthWrapper
[debug] [2026-03-17T00:31:28.691Z] > command requires scopes: ["email","openid","https://www.googleapis.com/auth/cloudplatformprojects.readonly","https://www.googleapis.com/auth/firebase","https://www.googleapis.com/auth/cloud-platform","https://www.googleapis.com/auth/userinfo.email"]
[debug] [2026-03-17T00:31:28.694Z] > authorizing via signed-in user (lumacx@gmail.com)
[debug] [2026-03-17T00:31:28.713Z] Checked if tokens are valid: true, expires at: 1773710928505
[debug] [2026-03-17T00:31:28.716Z] Checked if tokens are valid: true, expires at: 1773710928505
[debug] [2026-03-17T00:31:28.720Z] [Firebase Plugin] User found:  lumacx@gmail.com
[info] [Firebase Plugin] (Core:Project) New user detected, fetching projects
[debug] [2026-03-17T00:31:28.729Z] Checked if tokens are valid: true, expires at: 1773710928505
[debug] [2026-03-17T00:31:28.739Z] >>> [apiv2][query] GET https://firebase.googleapis.com/v1beta1/projects pageSize=1000
[debug] [2026-03-17T00:31:28.930Z] [Firebase Plugin] VSCode notification server listening on port 40001
[debug] [2026-03-17T00:31:34.509Z] <<< [apiv2][status] GET https://firebase.googleapis.com/v1beta1/projects 200
[debug] [2026-03-17T00:31:34.517Z] <<< [apiv2][body] GET https://firebase.googleapis.com/v1beta1/projects [omitted]
[info] [Firebase Plugin] Starting Data Connect toolkit (version 3.2.1) on port 50001
[info] i  dataconnect: downloading dataconnect-emulator-3.2.1... {"metadata":{"emulator":{"name":"dataconnect"},"message":"downloading dataconnect-emulator-3.2.1..."}}
[debug] [2026-03-17T00:31:40.551Z] >>> [apiv2][query] GET https://storage.googleapis.com/firemat-preview-drop/emulator/dataconnect-emulator-linux-amd64-v3.2.1 
[debug] [2026-03-17T00:31:40.888Z] <<< [apiv2][status] GET https://storage.googleapis.com/firemat-preview-drop/emulator/dataconnect-emulator-linux-amd64-v3.2.1 200
[debug] [2026-03-17T00:31:40.892Z] <<< [apiv2][body] GET https://storage.googleapis.com/firemat-preview-drop/emulator/dataconnect-emulator-linux-amd64-v3.2.1 [stream]
[info] i  dataconnect: Removing outdated emulator files: dataconnect-emulator-3.1.4 {"metadata":{"emulator":{"name":"dataconnect"},"message":"Removing outdated emulator files: dataconnect-emulator-3.1.4"}}
[debug] [2026-03-17T00:31:58.884Z] I0317 00:31:58.830594    1484 control.go:100] [projects/emulator/locations/emulator/services/studio-v0 2c69] UpdateResources(): done
Main schema: sources: schema/schema.gql [3721B] 
Connector "default": sources: connector/mutations.gql [3071B] connector/queries.gql [2744B] 
 {"metadata":{"emulator":{"name":"dataconnect"},"message":"I0317 00:31:58.830594    1484 control.go:100] [projects/emulator/locations/emulator/services/studio-v0 2c69] UpdateResources(): done\nMain schema: sources: schema/schema.gql [3721B] \nConnector \"default\": sources: connector/mutations.gql [3071B] connector/queries.gql [2744B] \n"}}
[debug] [2026-03-17T00:31:58.887Z] Ignoring unsupported arg: auto_download {"metadata":{"emulator":{"name":"dataconnect"},"message":"Ignoring unsupported arg: auto_download"}}
[debug] [2026-03-17T00:31:58.887Z] Ignoring unsupported arg: port {"metadata":{"emulator":{"name":"dataconnect"},"message":"Ignoring unsupported arg: port"}}
[debug] [2026-03-17T00:31:58.888Z] Starting Data Connect Emulator with command {"binary":"/home/user/.cache/firebase/emulators/dataconnect-emulator-3.2.1","args":["--logtostderr","-v=2","dev","--listen=localhost:50001","--config_dir=/home/user/studio/dataconnect","--enable_output_schema_extensions=true","--enable_output_generated_sdk=true"],"optionalArgs":["listen","config_dir","enable_output_schema_extensions","enable_output_generated_sdk"],"joinArgs":true,"shell":false,"port":9399} {"metadata":{"emulator":{"name":"dataconnect"},"message":"Starting Data Connect Emulator with command {\"binary\":\"/home/user/.cache/firebase/emulators/dataconnect-emulator-3.2.1\",\"args\":[\"--logtostderr\",\"-v=2\",\"dev\",\"--listen=localhost:50001\",\"--config_dir=/home/user/studio/dataconnect\",\"--enable_output_schema_extensions=true\",\"--enable_output_generated_sdk=true\"],\"optionalArgs\":[\"listen\",\"config_dir\",\"enable_output_schema_extensions\",\"enable_output_generated_sdk\"],\"joinArgs\":true,\"shell\":false,\"port\":9399}"}}
[info] i  dataconnect: Data Connect Emulator logging to dataconnect-debug.log {"metadata":{"emulator":{"name":"dataconnect"},"message":"Data Connect Emulator logging to dataconnect-debug.log"}}
[debug] [2026-03-17T00:31:58.967Z] I0317 00:31:58.966450    1489 load.go:31] Reloading schema and connectors...
 {"metadata":{"emulator":{"name":"dataconnect"},"message":"I0317 00:31:58.966450    1489 load.go:31] Reloading schema and connectors...\n"}}
[debug] [2026-03-17T00:31:59.142Z] I0317 00:31:59.141786    1489 control.go:100] [projects/emulator/locations/emulator/services/studio-v0 5187] UpdateResources(): done
Main schema: sources: schema/schema.gql [3721B] 
Connector "default": sources: connector/mutations.gql [3071B] connector/queries.gql [2744B] 
 {"metadata":{"emulator":{"name":"dataconnect"},"message":"I0317 00:31:59.141786    1489 control.go:100] [projects/emulator/locations/emulator/services/studio-v0 5187] UpdateResources(): done\nMain schema: sources: schema/schema.gql [3721B] \nConnector \"default\": sources: connector/mutations.gql [3071B] connector/queries.gql [2744B] \n"}}
[debug] [2026-03-17T00:31:59.277Z] I0317 00:31:59.276037    1489 codegen.go:80] [connector "default" javascriptSdk] Generating sources into "/home/user/studio/dataconnect-generated/js/default-connector"
 {"metadata":{"emulator":{"name":"dataconnect"},"message":"I0317 00:31:59.276037    1489 codegen.go:80] [connector \"default\" javascriptSdk] Generating sources into \"/home/user/studio/dataconnect-generated/js/default-connector\"\n"}}
[debug] [2026-03-17T00:31:59.381Z] I0317 00:31:59.381300    1489 collector.go:107] schema extensions wrote into "/home/user/studio/dataconnect/.dataconnect/schema"
Generated sources: main/input.gql [122168B] main/relation.gql [51784B] main/query.gql [15655B] main/mutation.gql [41655B] main/implicit.gql [3267B] prelude.gql [80731B] 
 {"metadata":{"emulator":{"name":"dataconnect"},"message":"I0317 00:31:59.381300    1489 collector.go:107] schema extensions wrote into \"/home/user/studio/dataconnect/.dataconnect/schema\"\nGenerated sources: main/input.gql [122168B] main/relation.gql [51784B] main/query.gql [15655B] main/mutation.gql [41655B] main/implicit.gql [3267B] prelude.gql [80731B] \n"}}
[debug] [2026-03-17T00:31:59.401Z] I0317 00:31:59.400796    1489 collector.go:107] connector "default" javascriptSdk wrote into "/home/user/studio/dataconnect-generated/js/default-connector"
Generated sources: index.d.ts [24351B] package.json [871B] react/esm/package.json [17B] .guides/usage.md [4476B] .guides/setup.md [1690B] README.md [114804B] react/index.d.ts [11972B] index.cjs.js [11927B] react/package.json [468B] react/index.cjs.js [9587B] react/esm/index.esm.js [9017B] esm/index.esm.js [10297B] esm/package.json [17B] react/README.md [119315B] .guides/config.json [236B] 
 {"metadata":{"emulator":{"name":"dataconnect"},"message":"I0317 00:31:59.400796    1489 collector.go:107] connector \"default\" javascriptSdk wrote into \"/home/user/studio/dataconnect-generated/js/default-connector\"\nGenerated sources: index.d.ts [24351B] package.json [871B] react/esm/package.json [17B] .guides/usage.md [4476B] .guides/setup.md [1690B] README.md [114804B] react/index.d.ts [11972B] index.cjs.js [11927B] react/package.json [468B] react/index.cjs.js [9587B] react/esm/index.esm.js [9017B] esm/index.esm.js [10297B] esm/package.json [17B] react/README.md [119315B] .guides/config.json [236B] \n"}}
[debug] [2026-03-17T00:31:59.423Z] I0317 00:31:59.423028    1489 installsdk.go:55] Package @firebasegen/default-connector is already installed. Skipping installation
 {"metadata":{"emulator":{"name":"dataconnect"},"message":"I0317 00:31:59.423028    1489 installsdk.go:55] Package @firebasegen/default-connector is already installed. Skipping installation\n"}}
[debug] [2026-03-17T00:31:59.429Z] I0317 00:31:59.423986    1489 load.go:109] Finished reloading
 {"metadata":{"emulator":{"name":"dataconnect"},"message":"I0317 00:31:59.423986    1489 load.go:109] Finished reloading\n"}}
[debug] [2026-03-17T00:31:59.442Z] I0317 00:31:59.439668    1489 dev.go:104] Listening on address (HTTP + gRPC): 127.0.0.1:50001
 {"metadata":{"emulator":{"name":"dataconnect"},"message":"I0317 00:31:59.439668    1489 dev.go:104] Listening on address (HTTP + gRPC): 127.0.0.1:50001\n"}}
[debug] [2026-03-17T00:31:59.658Z] I0317 00:31:59.658485    1489 engine.go:210] [projects/emulator/locations/emulator/services/studio-v0 5187] ExecuteGraphqlRead query IntrospectionQuery: succeeded. 
 {"metadata":{"emulator":{"name":"dataconnect"},"message":"I0317 00:31:59.658485    1489 engine.go:210] [projects/emulator/locations/emulator/services/studio-v0 5187] ExecuteGraphqlRead query IntrospectionQuery: succeeded. \n"}}
[error] [Firebase Plugin] (Webview) Unhandled rejected promise: {} 
 i: Failed to connect to MetaMask
    at Object.connect (chrome-extension://nkbihfbeogaeaoehlefnkodbefgpgknn/scripts/inpage.js:1:63541)
    at async s (chrome-extension://nkbihfbeogaeaoehlefnkodbefgpgknn/scripts/inpage.js:1:61044)
[error] [Firebase Plugin] (Webview) Unhandled rejected promise: {} 
 i: Failed to connect to MetaMask
    at Object.connect (chrome-extension://nkbihfbeogaeaoehlefnkodbefgpgknn/scripts/inpage.js:1:63541)
    at async s (chrome-extension://nkbihfbeogaeaoehlefnkodbefgpgknn/scripts/inpage.js:1:61044)
[debug] [2026-03-17T00:49:29.458Z] I0317 00:49:29.425834    1489 load.go:31] Reloading schema and connectors...
 {"metadata":{"emulator":{"name":"dataconnect"},"message":"I0317 00:49:29.425834    1489 load.go:31] Reloading schema and connectors...\n"}}
[debug] [2026-03-17T00:49:29.601Z] W0317 00:49:29.601004    1489 control.go:74] [projects/emulator/locations/emulator/services/studio-v0 4b04] connector "default" has errors: connector/mutations.gql:28:5: Field "userId_expr" is not defined by type "StoryContent_Data". Did you mean "id_expr" or "storyId_expr"?
connector/mutations.gql:40:5: Field "userId_expr" is not defined by type "Template_Data". Did you mean "id_expr"?
connector/mutations.gql:63:5: Field "userId_expr" is not defined by type "AiGeneratedGif_Data". Did you mean "id_expr" or "imageId_expr"?
connector/mutations.gql:92:3: Unknown argument "where" on field "Mutation.storyContent_update".
connector/mutations.gql:107:3: Unknown argument "where" on field "Mutation.story_update".

sources: connector/mutations.gql [3672B] connector/queries.gql [2744B] 
 {"metadata":{"emulator":{"name":"dataconnect"},"message":"W0317 00:49:29.601004    1489 control.go:74] [projects/emulator/locations/emulator/services/studio-v0 4b04] connector \"default\" has errors: connector/mutations.gql:28:5: Field \"userId_expr\" is not defined by type \"StoryContent_Data\". Did you mean \"id_expr\" or \"storyId_expr\"?\nconnector/mutations.gql:40:5: Field \"userId_expr\" is not defined by type \"Template_Data\". Did you mean \"id_expr\"?\nconnector/mutations.gql:63:5: Field \"userId_expr\" is not defined by type \"AiGeneratedGif_Data\". Did you mean \"id_expr\" or \"imageId_expr\"?\nconnector/mutations.gql:92:3: Unknown argument \"where\" on field \"Mutation.storyContent_update\".\nconnector/mutations.gql:107:3: Unknown argument \"where\" on field \"Mutation.story_update\".\n\nsources: connector/mutations.gql [3672B] connector/queries.gql [2744B] \n"}}
[debug] [2026-03-17T00:49:29.612Z] I0317 00:49:29.602777    1489 control.go:100] [projects/emulator/locations/emulator/services/studio-v0 4b04] UpdateResources(): done
Main schema: sources: schema/schema.gql [3721B] 
Connector "default": sources: connector/mutations.gql [3672B] connector/queries.gql [2744B] 
 {"metadata":{"emulator":{"name":"dataconnect"},"message":"I0317 00:49:29.602777    1489 control.go:100] [projects/emulator/locations/emulator/services/studio-v0 4b04] UpdateResources(): done\nMain schema: sources: schema/schema.gql [3721B] \nConnector \"default\": sources: connector/mutations.gql [3672B] connector/queries.gql [2744B] \n"}}
[debug] [2026-03-17T00:49:29.620Z] E0317 00:49:29.620238    1489 load.go:73] Could not load sources: 
Errors: connector/mutations.gql:28:5: Field "userId_expr" is not defined by type "StoryContent_Data". Did you mean "id_expr" or "storyId_expr"?
connector/mutations.gql:40:5: Field "userId_expr" is not defined by type "Template_Data". Did you mean "id_expr"?
connector/mutations.gql:63:5: Field "userId_expr" is not defined by type "AiGeneratedGif_Data". Did you mean "id_expr" or "imageId_expr"?
connector/mutations.gql:92:3: Unknown argument "where" on field "Mutation.storyContent_update".
connector/mutations.gql:107:3: Unknown argument "where" on field "Mutation.story_update".
 {"metadata":{"emulator":{"name":"dataconnect"},"message":"E0317 00:49:29.620238    1489 load.go:73] Could not load sources: \nErrors: connector/mutations.gql:28:5: Field \"userId_expr\" is not defined by type \"StoryContent_Data\". Did you mean \"id_expr\" or \"storyId_expr\"?\nconnector/mutations.gql:40:5: Field \"userId_expr\" is not defined by type \"Template_Data\". Did you mean \"id_expr\"?\nconnector/mutations.gql:63:5: Field \"userId_expr\" is not defined by type \"AiGeneratedGif_Data\". Did you mean \"id_expr\" or \"imageId_expr\"?\nconnector/mutations.gql:92:3: Unknown argument \"where\" on field \"Mutation.storyContent_update\".\nconnector/mutations.gql:107:3: Unknown argument \"where\" on field \"Mutation.story_update\".\n"}}
[debug] [2026-03-17T00:49:29.631Z] I0317 00:49:29.625268    1489 collector.go:107] schema extensions wrote into "/home/user/studio/dataconnect/.dataconnect/schema"
Generated sources: prelude.gql [80731B] main/implicit.gql [3267B] main/input.gql [122168B] main/relation.gql [51784B] main/query.gql [15655B] main/mutation.gql [41655B] 
I0317 00:49:29.627580    1489 load.go:74] Finished reloading
 {"metadata":{"emulator":{"name":"dataconnect"},"message":"I0317 00:49:29.625268    1489 collector.go:107] schema extensions wrote into \"/home/user/studio/dataconnect/.dataconnect/schema\"\nGenerated sources: prelude.gql [80731B] main/implicit.gql [3267B] main/input.gql [122168B] main/relation.gql [51784B] main/query.gql [15655B] main/mutation.gql [41655B] \nI0317 00:49:29.627580    1489 load.go:74] Finished reloading\n"}}
[debug] [2026-03-17T00:54:09.444Z] I0317 00:54:09.434552    1489 load.go:31] Reloading schema and connectors...
 {"metadata":{"emulator":{"name":"dataconnect"},"message":"I0317 00:54:09.434552    1489 load.go:31] Reloading schema and connectors...\n"}}
[debug] [2026-03-17T00:54:09.634Z] I0317 00:54:09.631572    1489 control.go:100] [projects/emulator/locations/emulator/services/studio-v0 f141] UpdateResources(): done
Main schema: sources: schema/schema.gql [3721B] 
Connector "default": sources: connector/mutations.gql [3071B] connector/queries.gql [2744B] 
 {"metadata":{"emulator":{"name":"dataconnect"},"message":"I0317 00:54:09.631572    1489 control.go:100] [projects/emulator/locations/emulator/services/studio-v0 f141] UpdateResources(): done\nMain schema: sources: schema/schema.gql [3721B] \nConnector \"default\": sources: connector/mutations.gql [3071B] connector/queries.gql [2744B] \n"}}
[debug] [2026-03-17T00:54:09.765Z] I0317 00:54:09.763320    1489 codegen.go:80] [connector "default" javascriptSdk] Generating sources into "/home/user/studio/dataconnect-generated/js/default-connector"
 {"metadata":{"emulator":{"name":"dataconnect"},"message":"I0317 00:54:09.763320    1489 codegen.go:80] [connector \"default\" javascriptSdk] Generating sources into \"/home/user/studio/dataconnect-generated/js/default-connector\"\n"}}
[debug] [2026-03-17T00:54:09.825Z] I0317 00:54:09.821967    1489 collector.go:107] schema extensions wrote into "/home/user/studio/dataconnect/.dataconnect/schema"
Generated sources: prelude.gql [80731B] main/mutation.gql [41655B] main/implicit.gql [3267B] main/input.gql [122168B] main/relation.gql [51784B] main/query.gql [15655B] 
 {"metadata":{"emulator":{"name":"dataconnect"},"message":"I0317 00:54:09.821967    1489 collector.go:107] schema extensions wrote into \"/home/user/studio/dataconnect/.dataconnect/schema\"\nGenerated sources: prelude.gql [80731B] main/mutation.gql [41655B] main/implicit.gql [3267B] main/input.gql [122168B] main/relation.gql [51784B] main/query.gql [15655B] \n"}}
[debug] [2026-03-17T00:54:09.836Z] I0317 00:54:09.835448    1489 collector.go:107] connector "default" javascriptSdk wrote into "/home/user/studio/dataconnect-generated/js/default-connector"
Generated sources: index.d.ts [24351B] esm/package.json [17B] package.json [871B] react/esm/package.json [17B] react/esm/index.esm.js [9017B] .guides/setup.md [1690B] README.md [114804B] react/package.json [468B] .guides/usage.md [4476B] .guides/config.json [236B] react/index.d.ts [11972B] react/index.cjs.js [9587B] esm/index.esm.js [10297B] index.cjs.js [11927B] react/README.md [119315B] 
 {"metadata":{"emulator":{"name":"dataconnect"},"message":"I0317 00:54:09.835448    1489 collector.go:107] connector \"default\" javascriptSdk wrote into \"/home/user/studio/dataconnect-generated/js/default-connector\"\nGenerated sources: index.d.ts [24351B] esm/package.json [17B] package.json [871B] react/esm/package.json [17B] react/esm/index.esm.js [9017B] .guides/setup.md [1690B] README.md [114804B] react/package.json [468B] .guides/usage.md [4476B] .guides/config.json [236B] react/index.d.ts [11972B] react/index.cjs.js [9587B] esm/index.esm.js [10297B] index.cjs.js [11927B] react/README.md [119315B] \n"}}
[debug] [2026-03-17T00:54:09.865Z] I0317 00:54:09.863656    1489 installsdk.go:55] Package @firebasegen/default-connector is already installed. Skipping installation
 {"metadata":{"emulator":{"name":"dataconnect"},"message":"I0317 00:54:09.863656    1489 installsdk.go:55] Package @firebasegen/default-connector is already installed. Skipping installation\n"}}
[debug] [2026-03-17T00:54:09.867Z] I0317 00:54:09.867047    1489 load.go:109] Finished reloading
 {"metadata":{"emulator":{"name":"dataconnect"},"message":"I0317 00:54:09.867047    1489 load.go:109] Finished reloading\n"}}
[debug] [2026-03-17T00:55:59.427Z] I0317 00:55:59.425762    1489 load.go:31] Reloading schema and connectors...
 {"metadata":{"emulator":{"name":"dataconnect"},"message":"I0317 00:55:59.425762    1489 load.go:31] Reloading schema and connectors...\n"}}
[debug] [2026-03-17T00:55:59.684Z] I0317 00:55:59.682740    1489 control.go:100] [projects/emulator/locations/emulator/services/studio-v0 a8ab] UpdateResources(): done
Main schema: sources: schema/schema.gql [3721B] 
Connector "default": sources: connector/mutations.gql [3070B] connector/queries.gql [2744B] 
 {"metadata":{"emulator":{"name":"dataconnect"},"message":"I0317 00:55:59.682740    1489 control.go:100] [projects/emulator/locations/emulator/services/studio-v0 a8ab] UpdateResources(): done\nMain schema: sources: schema/schema.gql [3721B] \nConnector \"default\": sources: connector/mutations.gql [3070B] connector/queries.gql [2744B] \n"}}
[debug] [2026-03-17T00:55:59.993Z] I0317 00:55:59.991058    1489 codegen.go:80] [connector "default" javascriptSdk] Generating sources into "/home/user/studio/dataconnect-generated/js/default-connector"
 {"metadata":{"emulator":{"name":"dataconnect"},"message":"I0317 00:55:59.991058    1489 codegen.go:80] [connector \"default\" javascriptSdk] Generating sources into \"/home/user/studio/dataconnect-generated/js/default-connector\"\n"}}
[debug] [2026-03-17T00:56:00.144Z] I0317 00:56:00.144502    1489 collector.go:107] schema extensions wrote into "/home/user/studio/dataconnect/.dataconnect/schema"
Generated sources: prelude.gql [80731B] main/implicit.gql [3267B] main/input.gql [122168B] main/relation.gql [51784B] main/query.gql [15655B] main/mutation.gql [41655B] 
 {"metadata":{"emulator":{"name":"dataconnect"},"message":"I0317 00:56:00.144502    1489 collector.go:107] schema extensions wrote into \"/home/user/studio/dataconnect/.dataconnect/schema\"\nGenerated sources: prelude.gql [80731B] main/implicit.gql [3267B] main/input.gql [122168B] main/relation.gql [51784B] main/query.gql [15655B] main/mutation.gql [41655B] \n"}}
[debug] [2026-03-17T00:56:00.181Z] I0317 00:56:00.176417    1489 collector.go:107] connector "default" javascriptSdk wrote into "/home/user/studio/dataconnect-generated/js/default-connector"
Generated sources: react/README.md [119315B] .guides/setup.md [1690B] index.cjs.js [11927B] .guides/config.json [236B] package.json [871B] react/package.json [468B] react/esm/package.json [17B] react/index.cjs.js [9587B] .guides/usage.md [4476B] index.d.ts [24351B] esm/index.esm.js [10297B] esm/package.json [17B] README.md [114804B] react/index.d.ts [11972B] react/esm/index.esm.js [9017B] 
 {"metadata":{"emulator":{"name":"dataconnect"},"message":"I0317 00:56:00.176417    1489 collector.go:107] connector \"default\" javascriptSdk wrote into \"/home/user/studio/dataconnect-generated/js/default-connector\"\nGenerated sources: react/README.md [119315B] .guides/setup.md [1690B] index.cjs.js [11927B] .guides/config.json [236B] package.json [871B] react/package.json [468B] react/esm/package.json [17B] react/index.cjs.js [9587B] .guides/usage.md [4476B] index.d.ts [24351B] esm/index.esm.js [10297B] esm/package.json [17B] README.md [114804B] react/index.d.ts [11972B] react/esm/index.esm.js [9017B] \n"}}
[debug] [2026-03-17T00:56:00.208Z] I0317 00:56:00.207910    1489 installsdk.go:55] Package @firebasegen/default-connector is already installed. Skipping installation
I0317 00:56:00.207991    1489 load.go:109] Finished reloading
 {"metadata":{"emulator":{"name":"dataconnect"},"message":"I0317 00:56:00.207910    1489 installsdk.go:55] Package @firebasegen/default-connector is already installed. Skipping installation\nI0317 00:56:00.207991    1489 load.go:109] Finished reloading\n"}}
[debug] [2026-03-17T01:03:29.503Z] I0317 01:03:29.425751    1489 load.go:31] Reloading schema and connectors...
 {"metadata":{"emulator":{"name":"dataconnect"},"message":"I0317 01:03:29.425751    1489 load.go:31] Reloading schema and connectors...\n"}}
[debug] [2026-03-17T01:03:29.910Z] W0317 01:03:29.908086    1489 control.go:74] [projects/emulator/locations/emulator/services/studio-v0 c32d] connector "default" has errors: connector/mutations.gql:8:22: Expected Name, found $

sources: connector/mutations.gql [4212B] connector/queries.gql [2744B] 
I0317 01:03:29.908158    1489 control.go:100] [projects/emulator/locations/emulator/services/studio-v0 c32d] UpdateResources(): done
Main schema: sources: schema/schema.gql [3721B] 
Connector "default": sources: connector/mutations.gql [4212B] connector/queries.gql [2744B] 
 {"metadata":{"emulator":{"name":"dataconnect"},"message":"W0317 01:03:29.908086    1489 control.go:74] [projects/emulator/locations/emulator/services/studio-v0 c32d] connector \"default\" has errors: connector/mutations.gql:8:22: Expected Name, found $\n\nsources: connector/mutations.gql [4212B] connector/queries.gql [2744B] \nI0317 01:03:29.908158    1489 control.go:100] [projects/emulator/locations/emulator/services/studio-v0 c32d] UpdateResources(): done\nMain schema: sources: schema/schema.gql [3721B] \nConnector \"default\": sources: connector/mutations.gql [4212B] connector/queries.gql [2744B] \n"}}
[debug] [2026-03-17T01:03:29.958Z] E0317 01:03:29.958534    1489 load.go:73] Could not load sources: 
Errors: connector/mutations.gql:8:22: Expected Name, found $
 {"metadata":{"emulator":{"name":"dataconnect"},"message":"E0317 01:03:29.958534    1489 load.go:73] Could not load sources: \nErrors: connector/mutations.gql:8:22: Expected Name, found $\n"}}
[debug] [2026-03-17T01:03:29.968Z] I0317 01:03:29.968214    1489 collector.go:107] schema extensions wrote into "/home/user/studio/dataconnect/.dataconnect/schema"
Generated sources: main/input.gql [122168B] main/relation.gql [51784B] main/query.gql [15655B] main/mutation.gql [41655B] main/implicit.gql [3267B] prelude.gql [80731B] 
I0317 01:03:29.968261    1489 load.go:74] Finished reloading
 {"metadata":{"emulator":{"name":"dataconnect"},"message":"I0317 01:03:29.968214    1489 collector.go:107] schema extensions wrote into \"/home/user/studio/dataconnect/.dataconnect/schema\"\nGenerated sources: main/input.gql [122168B] main/relation.gql [51784B] main/query.gql [15655B] main/mutation.gql [41655B] main/implicit.gql [3267B] prelude.gql [80731B] \nI0317 01:03:29.968261    1489 load.go:74] Finished reloading\n"}}
[debug] [2026-03-17T01:03:59.427Z] I0317 01:03:59.426446    1489 load.go:31] Reloading schema and connectors...
 {"metadata":{"emulator":{"name":"dataconnect"},"message":"I0317 01:03:59.426446    1489 load.go:31] Reloading schema and connectors...\n"}}
[debug] [2026-03-17T01:03:59.907Z] I0317 01:03:59.906129    1489 control.go:100] [projects/emulator/locations/emulator/services/studio-v0 9a80] UpdateResources(): done
Main schema: sources: schema/schema.gql [3721B] 
Connector "default": sources: connector/mutations.gql [3345B] connector/queries.gql [2744B] 
 {"metadata":{"emulator":{"name":"dataconnect"},"message":"I0317 01:03:59.906129    1489 control.go:100] [projects/emulator/locations/emulator/services/studio-v0 9a80] UpdateResources(): done\nMain schema: sources: schema/schema.gql [3721B] \nConnector \"default\": sources: connector/mutations.gql [3345B] connector/queries.gql [2744B] \n"}}
[debug] [2026-03-17T01:04:00.206Z] I0317 01:04:00.206168    1489 codegen.go:80] [connector "default" javascriptSdk] Generating sources into "/home/user/studio/dataconnect-generated/js/default-connector"
 {"metadata":{"emulator":{"name":"dataconnect"},"message":"I0317 01:04:00.206168    1489 codegen.go:80] [connector \"default\" javascriptSdk] Generating sources into \"/home/user/studio/dataconnect-generated/js/default-connector\"\n"}}
[debug] [2026-03-17T01:04:00.303Z] I0317 01:04:00.303297    1489 collector.go:107] schema extensions wrote into "/home/user/studio/dataconnect/.dataconnect/schema"
Generated sources: prelude.gql [80731B] main/input.gql [122168B] main/relation.gql [51784B] main/query.gql [15655B] main/mutation.gql [41655B] main/implicit.gql [3267B] 
 {"metadata":{"emulator":{"name":"dataconnect"},"message":"I0317 01:04:00.303297    1489 collector.go:107] schema extensions wrote into \"/home/user/studio/dataconnect/.dataconnect/schema\"\nGenerated sources: prelude.gql [80731B] main/input.gql [122168B] main/relation.gql [51784B] main/query.gql [15655B] main/mutation.gql [41655B] main/implicit.gql [3267B] \n"}}
[debug] [2026-03-17T01:04:00.399Z] I0317 01:04:00.398902    1489 collector.go:107] connector "default" javascriptSdk wrote into "/home/user/studio/dataconnect-generated/js/default-connector"
Generated sources: README.md [115418B] react/index.d.ts [11972B] react/esm/index.esm.js [9017B] .guides/usage.md [4476B] esm/package.json [17B] react/package.json [468B] react/esm/package.json [17B] react/index.cjs.js [9587B] .guides/setup.md [1690B] .guides/config.json [236B] index.d.ts [24493B] esm/index.esm.js [10297B] index.cjs.js [11927B] package.json [871B] react/README.md [119701B] 
 {"metadata":{"emulator":{"name":"dataconnect"},"message":"I0317 01:04:00.398902    1489 collector.go:107] connector \"default\" javascriptSdk wrote into \"/home/user/studio/dataconnect-generated/js/default-connector\"\nGenerated sources: README.md [115418B] react/index.d.ts [11972B] react/esm/index.esm.js [9017B] .guides/usage.md [4476B] esm/package.json [17B] react/package.json [468B] react/esm/package.json [17B] react/index.cjs.js [9587B] .guides/setup.md [1690B] .guides/config.json [236B] index.d.ts [24493B] esm/index.esm.js [10297B] index.cjs.js [11927B] package.json [871B] react/README.md [119701B] \n"}}
[debug] [2026-03-17T01:04:00.717Z] I0317 01:04:00.554828    1489 installsdk.go:55] Package @firebasegen/default-connector is already installed. Skipping installation
I0317 01:04:00.554880    1489 load.go:109] Finished reloading
 {"metadata":{"emulator":{"name":"dataconnect"},"message":"I0317 01:04:00.554828    1489 installsdk.go:55] Package @firebasegen/default-connector is already installed. Skipping installation\nI0317 01:04:00.554880    1489 load.go:109] Finished reloading\n"}}
[debug] [2026-03-17T01:06:29.430Z] I0317 01:06:29.426882    1489 load.go:31] Reloading schema and connectors...
 {"metadata":{"emulator":{"name":"dataconnect"},"message":"I0317 01:06:29.426882    1489 load.go:31] Reloading schema and connectors...\n"}}
[debug] [2026-03-17T01:06:29.822Z] W0317 01:06:29.822311    1489 control.go:74] [projects/emulator/locations/emulator/services/studio-v0 1894] connector "default" has errors: connector/mutations.gql:37:3: Expected Name, found )

sources: connector/queries.gql [2744B] connector/mutations.gql [4642B] 
I0317 01:06:29.822386    1489 control.go:100] [projects/emulator/locations/emulator/services/studio-v0 1894] UpdateResources(): done
Main schema: sources: schema/schema.gql [3721B] 
Connector "default": sources: connector/mutations.gql [4642B] connector/queries.gql [2744B] 
 {"metadata":{"emulator":{"name":"dataconnect"},"message":"W0317 01:06:29.822311    1489 control.go:74] [projects/emulator/locations/emulator/services/studio-v0 1894] connector \"default\" has errors: connector/mutations.gql:37:3: Expected Name, found )\n\nsources: connector/queries.gql [2744B] connector/mutations.gql [4642B] \nI0317 01:06:29.822386    1489 control.go:100] [projects/emulator/locations/emulator/services/studio-v0 1894] UpdateResources(): done\nMain schema: sources: schema/schema.gql [3721B] \nConnector \"default\": sources: connector/mutations.gql [4642B] connector/queries.gql [2744B] \n"}}
[debug] [2026-03-17T01:06:29.851Z] E0317 01:06:29.848078    1489 load.go:73] Could not load sources: 
Errors: connector/mutations.gql:37:3: Expected Name, found )
 {"metadata":{"emulator":{"name":"dataconnect"},"message":"E0317 01:06:29.848078    1489 load.go:73] Could not load sources: \nErrors: connector/mutations.gql:37:3: Expected Name, found )\n"}}
[debug] [2026-03-17T01:06:29.874Z] I0317 01:06:29.853559    1489 collector.go:107] schema extensions wrote into "/home/user/studio/dataconnect/.dataconnect/schema"
Generated sources: prelude.gql [80731B] main/implicit.gql [3267B] main/input.gql [122168B] main/relation.gql [51784B] main/query.gql [15655B] main/mutation.gql [41655B] 
I0317 01:06:29.874046    1489 load.go:74] Finished reloading
 {"metadata":{"emulator":{"name":"dataconnect"},"message":"I0317 01:06:29.853559    1489 collector.go:107] schema extensions wrote into \"/home/user/studio/dataconnect/.dataconnect/schema\"\nGenerated sources: prelude.gql [80731B] main/implicit.gql [3267B] main/input.gql [122168B] main/relation.gql [51784B] main/query.gql [15655B] main/mutation.gql [41655B] \nI0317 01:06:29.874046    1489 load.go:74] Finished reloading\n"}}
[debug] [2026-03-17T01:06:39.440Z] I0317 01:06:39.435398    1489 load.go:31] Reloading schema and connectors...
 {"metadata":{"emulator":{"name":"dataconnect"},"message":"I0317 01:06:39.435398    1489 load.go:31] Reloading schema and connectors...\n"}}
[debug] [2026-03-17T01:06:40.028Z] W0317 01:06:39.881570    1489 control.go:74] [projects/emulator/locations/emulator/services/studio-v0 8893] connector "default" has errors: connector/mutations.gql:4:5: Cannot query field "id" on type "User_KeyOutput".
connector/mutations.gql:3:3: Field "user_insert" must not have a selection since type "User_KeyOutput" has no subfields.
connector/mutations.gql:9:5: Cannot query field "id" on type "Story_KeyOutput".
connector/mutations.gql:8:3: Field "story_insert" must not have a selection since type "Story_KeyOutput" has no subfields.
connector/mutations.gql:14:5: Cannot query field "id" on type "StoryContent_KeyOutput".
connector/mutations.gql:13:3: Field "storyContent_insert" must not have a selection since type "StoryContent_KeyOutput" has no subfields.
connector/mutations.gql:19:5: Cannot query field "id" on type "Template_KeyOutput".
connector/mutations.gql:18:3: Field "template_insert" must not have a selection since type "Template_KeyOutput" has no subfields.
connector/mutations.gql:33:5: Cannot query field "id" on type "AiGeneratedImage_KeyOutput".
connector/mutations.gql:23:3: Field "aiGeneratedImage_insert" must not have a selection since type "AiGeneratedImage_KeyOutput" has no subfields.
connector/mutations.gql:38:5: Cannot query field "id" on type "AiGeneratedGif_KeyOutput".
connector/mutations.gql:37:3: Field "aiGeneratedGif_insert" must not have a selection since type "AiGeneratedGif_KeyOutput" has no subfields.
connector/mutations.gql:43:5: Cannot query field "id" on type "Payment_KeyOutput".
connector/mutations.gql:42:3: Field "payment_insert" must not have a selection since type "Payment_KeyOutput" has no subfields.
connector/mutations.gql:48:5: Cannot query field "id" on type "AdminAction_KeyOutput".
connector/mutations.gql:47:3: Field "adminAction_insert" must not have a selection since type "AdminAction_KeyOutput" has no subfields.
connector/mutations.gql:53:5: Cannot query field "id" on type "Analytics_KeyOutput".
connector/mutations.gql:52:3: Field "analytics_insert" must not have a selection since type "Analytics_KeyOutput" has no subfields.
connector/mutations.gql:58:5: Cannot query field "id" on type "LegalDisclaimer_KeyOutput".
connector/mutations.gql:57:3: Field "legalDisclaimer_insert" must not have a selection since type "LegalDisclaimer_KeyOutput" has no subfields.
connector/mutations.gql:75:5: Cannot query field "id" on type "StoryContent_KeyOutput".
connector/mutations.gql:71:3: Field "storyContent_update" must not have a selection since type "StoryContent_KeyOutput" has no subfields.
connector/mutations.gql:89:5: Cannot query field "id" on type "Story_KeyOutput".
connector/mutations.gql:85:3: Field "story_update" must not have a selection since type "Story_KeyOutput" has no subfields.

sources: connector/mutations.gql [3501B] connector/queries.gql [2744B] 
I0317 01:06:39.881689    1489 control.go:100] [projects/emulator/locations/emulator/services/studio-v0 8893] UpdateResources(): done
Main schema: sources: schema/schema.gql [3721B] 
Connector "default": sources: connector/queries.gql [2744B] connector/mutations.gql [3501B] 
E0317 01:06:39.920905    1489 load.go:73] Could not load sources: 
Errors: connector/mutations.gql:4:5: Cannot query field "id" on type "User_KeyOutput".
connector/mutations.gql:3:3: Field "user_insert" must not have a selection since type "User_KeyOutput" has no subfields.
connector/mutations.gql:9:5: Cannot query field "id" on type "Story_KeyOutput".
connector/mutations.gql:8:3: Field "story_insert" must not have a selection since type "Story_KeyOutput" has no subfields.
connector/mutations.gql:14:5: Cannot query field "id" on type "StoryContent_KeyOutput".
connector/mutations.gql:13:3: Field "storyContent_insert" must not have a selection since type "StoryContent_KeyOutput" has no subfields.
connector/mutations.gql:19:5: Cannot query field "id" on type "Template_KeyOutput".
connector/mutations.gql:18:3: Field "template_insert" must not have a selection since type "Template_KeyOutput" has no subfields.
connector/mutations.gql:33:5: Cannot query field "id" on type "AiGeneratedImage_KeyOutput".
connector/mutations.gql:23:3: Field "aiGeneratedImage_insert" must not have a selection since type "AiGeneratedImage_KeyOutput" has no subfields.
connector/mutations.gql:38:5: Cannot query field "id" on type "AiGeneratedGif_KeyOutput".
connector/mutations.gql:37:3: Field "aiGeneratedGif_insert" must not have a selection since type "AiGeneratedGif_KeyOutput" has no subfields.
connector/mutations.gql:43:5: Cannot query field "id" on type "Payment_KeyOutput".
connector/mutations.gql:42:3: Field "payment_insert" must not have a selection since type "Payment_KeyOutput" has no subfields.
connector/mutations.gql:48:5: Cannot query field "id" on type "AdminAction_KeyOutput".
connector/mutations.gql:47:3: Field "adminAction_insert" must not have a selection since type "AdminAction_KeyOutput" has no subfields.
connector/mutations.gql:53:5: Cannot query field "id" on type "Analytics_KeyOutput".
connector/mutations.gql:52:3: Field "analytics_insert" must not have a selection since type "Analytics_KeyOutput" has no subfields.
connector/mutations.gql:58:5: Cannot query field "id" on type "LegalDisclaimer_KeyOutput".
connector/mutations.gql:57:3: Field "legalDisclaimer_insert" must not have a selection since type "LegalDisclaimer_KeyOutput" has no subfields.
connector/mutations.gql:75:5: Cannot query field "id" on type "StoryContent_KeyOutput".
connector/mutations.gql:71:3: Field "storyContent_update" must not have a selection since type "StoryContent_KeyOutput" has no subfields.
connector/mutations.gql:89:5: Cannot query field "id" on type "Story_KeyOutput".
connector/mutations.gql:85:3: Field "story_update" must not have a selection since type "Story_KeyOutput" has no subfields.
I0317 01:06:39.926206    1489 collector.go:107] schema extensions wrote into "/home/user/studio/dataconnect/.dataconnect/schema"
Generated sources: main/mutation.gql [41655B] main/implicit.gql [3267B] main/input.gql [122168B] main/relation.gql [51784B] prelude.gql [80731B] main/query.gql [15655B] 
I0317 01:06:39.926247    1489 load.go:74] Finished reloading
 {"metadata":{"emulator":{"name":"dataconnect"},"message":"W0317 01:06:39.881570    1489 control.go:74] [projects/emulator/locations/emulator/services/studio-v0 8893] connector \"default\" has errors: connector/mutations.gql:4:5: Cannot query field \"id\" on type \"User_KeyOutput\".\nconnector/mutations.gql:3:3: Field \"user_insert\" must not have a selection since type \"User_KeyOutput\" has no subfields.\nconnector/mutations.gql:9:5: Cannot query field \"id\" on type \"Story_KeyOutput\".\nconnector/mutations.gql:8:3: Field \"story_insert\" must not have a selection since type \"Story_KeyOutput\" has no subfields.\nconnector/mutations.gql:14:5: Cannot query field \"id\" on type \"StoryContent_KeyOutput\".\nconnector/mutations.gql:13:3: Field \"storyContent_insert\" must not have a selection since type \"StoryContent_KeyOutput\" has no subfields.\nconnector/mutations.gql:19:5: Cannot query field \"id\" on type \"Template_KeyOutput\".\nconnector/mutations.gql:18:3: Field \"template_insert\" must not have a selection since type \"Template_KeyOutput\" has no subfields.\nconnector/mutations.gql:33:5: Cannot query field \"id\" on type \"AiGeneratedImage_KeyOutput\".\nconnector/mutations.gql:23:3: Field \"aiGeneratedImage_insert\" must not have a selection since type \"AiGeneratedImage_KeyOutput\" has no subfields.\nconnector/mutations.gql:38:5: Cannot query field \"id\" on type \"AiGeneratedGif_KeyOutput\".\nconnector/mutations.gql:37:3: Field \"aiGeneratedGif_insert\" must not have a selection since type \"AiGeneratedGif_KeyOutput\" has no subfields.\nconnector/mutations.gql:43:5: Cannot query field \"id\" on type \"Payment_KeyOutput\".\nconnector/mutations.gql:42:3: Field \"payment_insert\" must not have a selection since type \"Payment_KeyOutput\" has no subfields.\nconnector/mutations.gql:48:5: Cannot query field \"id\" on type \"AdminAction_KeyOutput\".\nconnector/mutations.gql:47:3: Field \"adminAction_insert\" must not have a selection since type \"AdminAction_KeyOutput\" has no subfields.\nconnector/mutations.gql:53:5: Cannot query field \"id\" on type \"Analytics_KeyOutput\".\nconnector/mutations.gql:52:3: Field \"analytics_insert\" must not have a selection since type \"Analytics_KeyOutput\" has no subfields.\nconnector/mutations.gql:58:5: Cannot query field \"id\" on type \"LegalDisclaimer_KeyOutput\".\nconnector/mutations.gql:57:3: Field \"legalDisclaimer_insert\" must not have a selection since type \"LegalDisclaimer_KeyOutput\" has no subfields.\nconnector/mutations.gql:75:5: Cannot query field \"id\" on type \"StoryContent_KeyOutput\".\nconnector/mutations.gql:71:3: Field \"storyContent_update\" must not have a selection since type \"StoryContent_KeyOutput\" has no subfields.\nconnector/mutations.gql:89:5: Cannot query field \"id\" on type \"Story_KeyOutput\".\nconnector/mutations.gql:85:3: Field \"story_update\" must not have a selection since type \"Story_KeyOutput\" has no subfields.\n\nsources: connector/mutations.gql [3501B] connector/queries.gql [2744B] \nI0317 01:06:39.881689    1489 control.go:100] [projects/emulator/locations/emulator/services/studio-v0 8893] UpdateResources(): done\nMain schema: sources: schema/schema.gql [3721B] \nConnector \"default\": sources: connector/queries.gql [2744B] connector/mutations.gql [3501B] \nE0317 01:06:39.920905    1489 load.go:73] Could not load sources: \nErrors: connector/mutations.gql:4:5: Cannot query field \"id\" on type \"User_KeyOutput\".\nconnector/mutations.gql:3:3: Field \"user_insert\" must not have a selection since type \"User_KeyOutput\" has no subfields.\nconnector/mutations.gql:9:5: Cannot query field \"id\" on type \"Story_KeyOutput\".\nconnector/mutations.gql:8:3: Field \"story_insert\" must not have a selection since type \"Story_KeyOutput\" has no subfields.\nconnector/mutations.gql:14:5: Cannot query field \"id\" on type \"StoryContent_KeyOutput\".\nconnector/mutations.gql:13:3: Field \"storyContent_insert\" must not have a selection since type \"StoryContent_KeyOutput\" has no subfields.\nconnector/mutations.gql:19:5: Cannot query field \"id\" on type \"Template_KeyOutput\".\nconnector/mutations.gql:18:3: Field \"template_insert\" must not have a selection since type \"Template_KeyOutput\" has no subfields.\nconnector/mutations.gql:33:5: Cannot query field \"id\" on type \"AiGeneratedImage_KeyOutput\".\nconnector/mutations.gql:23:3: Field \"aiGeneratedImage_insert\" must not have a selection since type \"AiGeneratedImage_KeyOutput\" has no subfields.\nconnector/mutations.gql:38:5: Cannot query field \"id\" on type \"AiGeneratedGif_KeyOutput\".\nconnector/mutations.gql:37:3: Field \"aiGeneratedGif_insert\" must not have a selection since type \"AiGeneratedGif_KeyOutput\" has no subfields.\nconnector/mutations.gql:43:5: Cannot query field \"id\" on type \"Payment_KeyOutput\".\nconnector/mutations.gql:42:3: Field \"payment_insert\" must not have a selection since type \"Payment_KeyOutput\" has no subfields.\nconnector/mutations.gql:48:5: Cannot query field \"id\" on type \"AdminAction_KeyOutput\".\nconnector/mutations.gql:47:3: Field \"adminAction_insert\" must not have a selection since type \"AdminAction_KeyOutput\" has no subfields.\nconnector/mutations.gql:53:5: Cannot query field \"id\" on type \"Analytics_KeyOutput\".\nconnector/mutations.gql:52:3: Field \"analytics_insert\" must not have a selection since type \"Analytics_KeyOutput\" has no subfields.\nconnector/mutations.gql:58:5: Cannot query field \"id\" on type \"LegalDisclaimer_KeyOutput\".\nconnector/mutations.gql:57:3: Field \"legalDisclaimer_insert\" must not have a selection since type \"LegalDisclaimer_KeyOutput\" has no subfields.\nconnector/mutations.gql:75:5: Cannot query field \"id\" on type \"StoryContent_KeyOutput\".\nconnector/mutations.gql:71:3: Field \"storyContent_update\" must not have a selection since type \"StoryContent_KeyOutput\" has no subfields.\nconnector/mutations.gql:89:5: Cannot query field \"id\" on type \"Story_KeyOutput\".\nconnector/mutations.gql:85:3: Field \"story_update\" must not have a selection since type \"Story_KeyOutput\" has no subfields.\nI0317 01:06:39.926206    1489 collector.go:107] schema extensions wrote into \"/home/user/studio/dataconnect/.dataconnect/schema\"\nGenerated sources: main/mutation.gql [41655B] main/implicit.gql [3267B] main/input.gql [122168B] main/relation.gql [51784B] prelude.gql [80731B] main/query.gql [15655B] \nI0317 01:06:39.926247    1489 load.go:74] Finished reloading\n"}}
[debug] [2026-03-17T01:09:09.558Z] I0317 01:09:09.434669    1489 load.go:31] Reloading schema and connectors...
 {"metadata":{"emulator":{"name":"dataconnect"},"message":"I0317 01:09:09.434669    1489 load.go:31] Reloading schema and connectors...\n"}}
[debug] [2026-03-17T01:09:09.953Z] W0317 01:09:09.951613    1489 control.go:74] [projects/emulator/locations/emulator/services/studio-v0 f845] connector "default" has errors: connector/mutations.gql:39:3: Expected Name, found )

sources: connector/mutations.gql [4642B] connector/queries.gql [2744B] 
 {"metadata":{"emulator":{"name":"dataconnect"},"message":"W0317 01:09:09.951613    1489 control.go:74] [projects/emulator/locations/emulator/services/studio-v0 f845] connector \"default\" has errors: connector/mutations.gql:39:3: Expected Name, found )\n\nsources: connector/mutations.gql [4642B] connector/queries.gql [2744B] \n"}}
[debug] [2026-03-17T01:09:09.958Z] I0317 01:09:09.954169    1489 control.go:100] [projects/emulator/locations/emulator/services/studio-v0 f845] UpdateResources(): done
Main schema: sources: schema/schema.gql [3721B] 
Connector "default": sources: connector/mutations.gql [4642B] connector/queries.gql [2744B] 
 {"metadata":{"emulator":{"name":"dataconnect"},"message":"I0317 01:09:09.954169    1489 control.go:100] [projects/emulator/locations/emulator/services/studio-v0 f845] UpdateResources(): done\nMain schema: sources: schema/schema.gql [3721B] \nConnector \"default\": sources: connector/mutations.gql [4642B] connector/queries.gql [2744B] \n"}}
[debug] [2026-03-17T01:09:09.983Z] E0317 01:09:09.982036    1489 load.go:73] Could not load sources: 
Errors: connector/mutations.gql:39:3: Expected Name, found )
 {"metadata":{"emulator":{"name":"dataconnect"},"message":"E0317 01:09:09.982036    1489 load.go:73] Could not load sources: \nErrors: connector/mutations.gql:39:3: Expected Name, found )\n"}}
[debug] [2026-03-17T01:09:09.992Z] I0317 01:09:09.984712    1489 collector.go:107] schema extensions wrote into "/home/user/studio/dataconnect/.dataconnect/schema"
Generated sources: prelude.gql [80731B] main/implicit.gql [3267B] main/input.gql [122168B] main/relation.gql [51784B] main/query.gql [15655B] main/mutation.gql [41655B] 
I0317 01:09:09.984776    1489 load.go:74] Finished reloading
 {"metadata":{"emulator":{"name":"dataconnect"},"message":"I0317 01:09:09.984712    1489 collector.go:107] schema extensions wrote into \"/home/user/studio/dataconnect/.dataconnect/schema\"\nGenerated sources: prelude.gql [80731B] main/implicit.gql [3267B] main/input.gql [122168B] main/relation.gql [51784B] main/query.gql [15655B] main/mutation.gql [41655B] \nI0317 01:09:09.984776    1489 load.go:74] Finished reloading\n"}}
[debug] [2026-03-17T01:09:19.435Z] I0317 01:09:19.434574    1489 load.go:31] Reloading schema and connectors...
 {"metadata":{"emulator":{"name":"dataconnect"},"message":"I0317 01:09:19.434574    1489 load.go:31] Reloading schema and connectors...\n"}}
[debug] [2026-03-17T01:09:19.724Z] I0317 01:09:19.723616    1489 control.go:100] [projects/emulator/locations/emulator/services/studio-v0 a3d6] UpdateResources(): done
Main schema: sources: schema/schema.gql [3721B] 
Connector "default": sources: connector/mutations.gql [3345B] connector/queries.gql [2744B] 
 {"metadata":{"emulator":{"name":"dataconnect"},"message":"I0317 01:09:19.723616    1489 control.go:100] [projects/emulator/locations/emulator/services/studio-v0 a3d6] UpdateResources(): done\nMain schema: sources: schema/schema.gql [3721B] \nConnector \"default\": sources: connector/mutations.gql [3345B] connector/queries.gql [2744B] \n"}}
[debug] [2026-03-17T01:09:19.919Z] I0317 01:09:19.889219    1489 codegen.go:80] [connector "default" javascriptSdk] Generating sources into "/home/user/studio/dataconnect-generated/js/default-connector"
 {"metadata":{"emulator":{"name":"dataconnect"},"message":"I0317 01:09:19.889219    1489 codegen.go:80] [connector \"default\" javascriptSdk] Generating sources into \"/home/user/studio/dataconnect-generated/js/default-connector\"\n"}}
[debug] [2026-03-17T01:09:20.038Z] I0317 01:09:20.038375    1489 collector.go:107] schema extensions wrote into "/home/user/studio/dataconnect/.dataconnect/schema"
Generated sources: prelude.gql [80731B] main/implicit.gql [3267B] main/input.gql [122168B] main/relation.gql [51784B] main/query.gql [15655B] main/mutation.gql [41655B] 
 {"metadata":{"emulator":{"name":"dataconnect"},"message":"I0317 01:09:20.038375    1489 collector.go:107] schema extensions wrote into \"/home/user/studio/dataconnect/.dataconnect/schema\"\nGenerated sources: prelude.gql [80731B] main/implicit.gql [3267B] main/input.gql [122168B] main/relation.gql [51784B] main/query.gql [15655B] main/mutation.gql [41655B] \n"}}
[debug] [2026-03-17T01:09:20.056Z] I0317 01:09:20.055764    1489 collector.go:107] connector "default" javascriptSdk wrote into "/home/user/studio/dataconnect-generated/js/default-connector"
Generated sources: esm/package.json [17B] package.json [871B] react/esm/index.esm.js [9017B] react/esm/package.json [17B] .guides/setup.md [1690B] index.cjs.js [11927B] react/index.d.ts [11972B] react/index.cjs.js [9587B] react/README.md [119701B] .guides/usage.md [4476B] index.d.ts [24493B] esm/index.esm.js [10297B] README.md [115418B] react/package.json [468B] .guides/config.json [236B] 
 {"metadata":{"emulator":{"name":"dataconnect"},"message":"I0317 01:09:20.055764    1489 collector.go:107] connector \"default\" javascriptSdk wrote into \"/home/user/studio/dataconnect-generated/js/default-connector\"\nGenerated sources: esm/package.json [17B] package.json [871B] react/esm/index.esm.js [9017B] react/esm/package.json [17B] .guides/setup.md [1690B] index.cjs.js [11927B] react/index.d.ts [11972B] react/index.cjs.js [9587B] react/README.md [119701B] .guides/usage.md [4476B] index.d.ts [24493B] esm/index.esm.js [10297B] README.md [115418B] react/package.json [468B] .guides/config.json [236B] \n"}}
[debug] [2026-03-17T01:09:20.103Z] I0317 01:09:20.096722    1489 installsdk.go:55] Package @firebasegen/default-connector is already installed. Skipping installation
 {"metadata":{"emulator":{"name":"dataconnect"},"message":"I0317 01:09:20.096722    1489 installsdk.go:55] Package @firebasegen/default-connector is already installed. Skipping installation\n"}}
[debug] [2026-03-17T01:09:20.111Z] I0317 01:09:20.104468    1489 load.go:109] Finished reloading
 {"metadata":{"emulator":{"name":"dataconnect"},"message":"I0317 01:09:20.104468    1489 load.go:109] Finished reloading\n"}}
[debug] [2026-03-17T01:11:09.804Z] I0317 01:11:09.434592    1489 load.go:31] Reloading schema and connectors...
 {"metadata":{"emulator":{"name":"dataconnect"},"message":"I0317 01:11:09.434592    1489 load.go:31] Reloading schema and connectors...\n"}}
[debug] [2026-03-17T01:11:10.012Z] I0317 01:11:09.875808    1489 control.go:100] [projects/emulator/locations/emulator/services/studio-v0 8a76] UpdateResources(): done
Main schema: sources: schema/schema.gql [3721B] 
Connector "default": sources: connector/mutations.gql [3345B] connector/queries.gql [2782B] 
 {"metadata":{"emulator":{"name":"dataconnect"},"message":"I0317 01:11:09.875808    1489 control.go:100] [projects/emulator/locations/emulator/services/studio-v0 8a76] UpdateResources(): done\nMain schema: sources: schema/schema.gql [3721B] \nConnector \"default\": sources: connector/mutations.gql [3345B] connector/queries.gql [2782B] \n"}}
[debug] [2026-03-17T01:11:10.348Z] I0317 01:11:10.348119    1489 codegen.go:80] [connector "default" javascriptSdk] Generating sources into "/home/user/studio/dataconnect-generated/js/default-connector"
 {"metadata":{"emulator":{"name":"dataconnect"},"message":"I0317 01:11:10.348119    1489 codegen.go:80] [connector \"default\" javascriptSdk] Generating sources into \"/home/user/studio/dataconnect-generated/js/default-connector\"\n"}}
[debug] [2026-03-17T01:11:10.533Z] I0317 01:11:10.531518    1489 collector.go:107] schema extensions wrote into "/home/user/studio/dataconnect/.dataconnect/schema"
Generated sources: prelude.gql [80731B] main/implicit.gql [3267B] main/input.gql [122168B] main/relation.gql [51784B] main/query.gql [15655B] main/mutation.gql [41655B] 
 {"metadata":{"emulator":{"name":"dataconnect"},"message":"I0317 01:11:10.531518    1489 collector.go:107] schema extensions wrote into \"/home/user/studio/dataconnect/.dataconnect/schema\"\nGenerated sources: prelude.gql [80731B] main/implicit.gql [3267B] main/input.gql [122168B] main/relation.gql [51784B] main/query.gql [15655B] main/mutation.gql [41655B] \n"}}
[debug] [2026-03-17T01:11:10.556Z] I0317 01:11:10.555740    1489 collector.go:107] connector "default" javascriptSdk wrote into "/home/user/studio/dataconnect-generated/js/default-connector"
Generated sources: index.d.ts [24080B] package.json [871B] README.md [113524B] react/index.cjs.js [9471B] .guides/usage.md [4476B] .guides/setup.md [1690B] .guides/config.json [236B] index.cjs.js [11812B] react/package.json [468B] react/esm/package.json [17B] react/esm/index.esm.js [8898B] react/README.md [118459B] esm/package.json [17B] esm/index.esm.js [10173B] react/index.d.ts [11783B] 
 {"metadata":{"emulator":{"name":"dataconnect"},"message":"I0317 01:11:10.555740    1489 collector.go:107] connector \"default\" javascriptSdk wrote into \"/home/user/studio/dataconnect-generated/js/default-connector\"\nGenerated sources: index.d.ts [24080B] package.json [871B] README.md [113524B] react/index.cjs.js [9471B] .guides/usage.md [4476B] .guides/setup.md [1690B] .guides/config.json [236B] index.cjs.js [11812B] react/package.json [468B] react/esm/package.json [17B] react/esm/index.esm.js [8898B] react/README.md [118459B] esm/package.json [17B] esm/index.esm.js [10173B] react/index.d.ts [11783B] \n"}}
[debug] [2026-03-17T01:11:10.581Z] I0317 01:11:10.579427    1489 installsdk.go:55] Package @firebasegen/default-connector is already installed. Skipping installation
I0317 01:11:10.579489    1489 load.go:109] Finished reloading
 {"metadata":{"emulator":{"name":"dataconnect"},"message":"I0317 01:11:10.579427    1489 installsdk.go:55] Package @firebasegen/default-connector is already installed. Skipping installation\nI0317 01:11:10.579489    1489 load.go:109] Finished reloading\n"}}
[debug] [2026-03-17T01:14:39.432Z] I0317 01:14:39.431300    1489 load.go:31] Reloading schema and connectors...
 {"metadata":{"emulator":{"name":"dataconnect"},"message":"I0317 01:14:39.431300    1489 load.go:31] Reloading schema and connectors...\n"}}
[debug] [2026-03-17T01:14:39.521Z] W0317 01:14:39.520090    1489 control.go:74] [projects/emulator/locations/emulator/services/studio-v0 4503] connector "default" has errors: connector/queries.gql:143:26: Expected Name, found $

sources: connector/mutations.gql [3345B] connector/queries.gql [3077B] 
I0317 01:14:39.520157    1489 control.go:100] [projects/emulator/locations/emulator/services/studio-v0 4503] UpdateResources(): done
Main schema: sources: schema/schema.gql [3721B] 
Connector "default": sources: connector/mutations.gql [3345B] connector/queries.gql [3077B] 
 {"metadata":{"emulator":{"name":"dataconnect"},"message":"W0317 01:14:39.520090    1489 control.go:74] [projects/emulator/locations/emulator/services/studio-v0 4503] connector \"default\" has errors: connector/queries.gql:143:26: Expected Name, found $\n\nsources: connector/mutations.gql [3345B] connector/queries.gql [3077B] \nI0317 01:14:39.520157    1489 control.go:100] [projects/emulator/locations/emulator/services/studio-v0 4503] UpdateResources(): done\nMain schema: sources: schema/schema.gql [3721B] \nConnector \"default\": sources: connector/mutations.gql [3345B] connector/queries.gql [3077B] \n"}}
[debug] [2026-03-17T01:14:39.551Z] E0317 01:14:39.551452    1489 load.go:73] Could not load sources: 
Errors: connector/queries.gql:143:26: Expected Name, found $
 {"metadata":{"emulator":{"name":"dataconnect"},"message":"E0317 01:14:39.551452    1489 load.go:73] Could not load sources: \nErrors: connector/queries.gql:143:26: Expected Name, found $\n"}}
[debug] [2026-03-17T01:14:39.557Z] I0317 01:14:39.554366    1489 collector.go:107] schema extensions wrote into "/home/user/studio/dataconnect/.dataconnect/schema"
Generated sources: prelude.gql [80731B] main/input.gql [122168B] main/relation.gql [51784B] main/query.gql [15655B] main/mutation.gql [41655B] main/implicit.gql [3267B] 
I0317 01:14:39.554406    1489 load.go:74] Finished reloading
 {"metadata":{"emulator":{"name":"dataconnect"},"message":"I0317 01:14:39.554366    1489 collector.go:107] schema extensions wrote into \"/home/user/studio/dataconnect/.dataconnect/schema\"\nGenerated sources: prelude.gql [80731B] main/input.gql [122168B] main/relation.gql [51784B] main/query.gql [15655B] main/mutation.gql [41655B] main/implicit.gql [3267B] \nI0317 01:14:39.554406    1489 load.go:74] Finished reloading\n"}}
[debug] [2026-03-17T01:15:19.436Z] I0317 01:15:19.435282    1489 load.go:31] Reloading schema and connectors...
 {"metadata":{"emulator":{"name":"dataconnect"},"message":"I0317 01:15:19.435282    1489 load.go:31] Reloading schema and connectors...\n"}}
[debug] [2026-03-17T01:15:19.983Z] W0317 01:15:19.983338    1489 control.go:74] [projects/emulator/locations/emulator/services/studio-v0 13c8] connector "default" has errors: connector/queries.gql:132:3: Unknown argument "where" on field "Query.analytics".

sources: connector/mutations.gql [3404B] connector/queries.gql [2787B] 
I0317 01:15:19.983423    1489 control.go:100] [projects/emulator/locations/emulator/services/studio-v0 13c8] UpdateResources(): done
Main schema: sources: schema/schema.gql [3721B] 
Connector "default": sources: connector/mutations.gql [3404B] connector/queries.gql [2787B] 
 {"metadata":{"emulator":{"name":"dataconnect"},"message":"W0317 01:15:19.983338    1489 control.go:74] [projects/emulator/locations/emulator/services/studio-v0 13c8] connector \"default\" has errors: connector/queries.gql:132:3: Unknown argument \"where\" on field \"Query.analytics\".\n\nsources: connector/mutations.gql [3404B] connector/queries.gql [2787B] \nI0317 01:15:19.983423    1489 control.go:100] [projects/emulator/locations/emulator/services/studio-v0 13c8] UpdateResources(): done\nMain schema: sources: schema/schema.gql [3721B] \nConnector \"default\": sources: connector/mutations.gql [3404B] connector/queries.gql [2787B] \n"}}
[debug] [2026-03-17T01:15:20.029Z] E0317 01:15:20.027548    1489 load.go:73] Could not load sources: 
Errors: connector/queries.gql:132:3: Unknown argument "where" on field "Query.analytics".
 {"metadata":{"emulator":{"name":"dataconnect"},"message":"E0317 01:15:20.027548    1489 load.go:73] Could not load sources: \nErrors: connector/queries.gql:132:3: Unknown argument \"where\" on field \"Query.analytics\".\n"}}
[debug] [2026-03-17T01:15:20.036Z] I0317 01:15:20.032289    1489 collector.go:107] schema extensions wrote into "/home/user/studio/dataconnect/.dataconnect/schema"
Generated sources: main/input.gql [122168B] main/relation.gql [51784B] main/query.gql [15655B] prelude.gql [80731B] main/mutation.gql [41655B] main/implicit.gql [3267B] 
I0317 01:15:20.032328    1489 load.go:74] Finished reloading
 {"metadata":{"emulator":{"name":"dataconnect"},"message":"I0317 01:15:20.032289    1489 collector.go:107] schema extensions wrote into \"/home/user/studio/dataconnect/.dataconnect/schema\"\nGenerated sources: main/input.gql [122168B] main/relation.gql [51784B] main/query.gql [15655B] prelude.gql [80731B] main/mutation.gql [41655B] main/implicit.gql [3267B] \nI0317 01:15:20.032328    1489 load.go:74] Finished reloading\n"}}
[debug] [2026-03-17T01:18:19.437Z] I0317 01:18:19.437581    1489 load.go:31] Reloading schema and connectors...
 {"metadata":{"emulator":{"name":"dataconnect"},"message":"I0317 01:18:19.437581    1489 load.go:31] Reloading schema and connectors...\n"}}
[debug] [2026-03-17T01:18:19.554Z] W0317 01:18:19.554692    1489 control.go:74] [projects/emulator/locations/emulator/services/studio-v0 2dd7] connector "default" has errors: connector/mutations.gql:54:26: Expected :, found (

sources: connector/mutations.gql [3705B] connector/queries.gql [2787B] 
I0317 01:18:19.554787    1489 control.go:100] [projects/emulator/locations/emulator/services/studio-v0 2dd7] UpdateResources(): done
Main schema: sources: schema/schema.gql [3721B] 
Connector "default": sources: connector/mutations.gql [3705B] connector/queries.gql [2787B] 
 {"metadata":{"emulator":{"name":"dataconnect"},"message":"W0317 01:18:19.554692    1489 control.go:74] [projects/emulator/locations/emulator/services/studio-v0 2dd7] connector \"default\" has errors: connector/mutations.gql:54:26: Expected :, found (\n\nsources: connector/mutations.gql [3705B] connector/queries.gql [2787B] \nI0317 01:18:19.554787    1489 control.go:100] [projects/emulator/locations/emulator/services/studio-v0 2dd7] UpdateResources(): done\nMain schema: sources: schema/schema.gql [3721B] \nConnector \"default\": sources: connector/mutations.gql [3705B] connector/queries.gql [2787B] \n"}}
[debug] [2026-03-17T01:18:19.586Z] E0317 01:18:19.585840    1489 load.go:73] Could not load sources: 
Errors: connector/mutations.gql:54:26: Expected :, found (
 {"metadata":{"emulator":{"name":"dataconnect"},"message":"E0317 01:18:19.585840    1489 load.go:73] Could not load sources: \nErrors: connector/mutations.gql:54:26: Expected :, found (\n"}}
[debug] [2026-03-17T01:18:19.603Z] I0317 01:18:19.598111    1489 collector.go:107] schema extensions wrote into "/home/user/studio/dataconnect/.dataconnect/schema"
Generated sources: prelude.gql [80731B] main/mutation.gql [41655B] main/implicit.gql [3267B] main/input.gql [122168B] main/relation.gql [51784B] main/query.gql [15655B] 
I0317 01:18:19.598164    1489 load.go:74] Finished reloading
 {"metadata":{"emulator":{"name":"dataconnect"},"message":"I0317 01:18:19.598111    1489 collector.go:107] schema extensions wrote into \"/home/user/studio/dataconnect/.dataconnect/schema\"\nGenerated sources: prelude.gql [80731B] main/mutation.gql [41655B] main/implicit.gql [3267B] main/input.gql [122168B] main/relation.gql [51784B] main/query.gql [15655B] \nI0317 01:18:19.598164    1489 load.go:74] Finished reloading\n"}}
[debug] [2026-03-17T01:18:39.516Z] I0317 01:18:39.439056    1489 load.go:31] Reloading schema and connectors...
 {"metadata":{"emulator":{"name":"dataconnect"},"message":"I0317 01:18:39.439056    1489 load.go:31] Reloading schema and connectors...\n"}}
[debug] [2026-03-17T01:18:39.935Z] W0317 01:18:39.877166    1489 control.go:74] [projects/emulator/locations/emulator/services/studio-v0 9623] connector "default" has errors: connector/mutations.gql:9:51: Field "creatorId_expr" is not defined by type "StoryContent_Data". Did you mean "createdAt_expr" or "storyId_expr"?
connector/mutations.gql:52:31: Field "creatorId" is not defined by type "StoryContent_Filter". Did you mean "createdAt"?
connector/queries.gql:132:3: Unknown argument "where" on field "Query.analytics".

sources: connector/mutations.gql [3491B] connector/queries.gql [2787B] 
I0317 01:18:39.877377    1489 control.go:100] [projects/emulator/locations/emulator/services/studio-v0 9623] UpdateResources(): done
Main schema: sources: schema/schema.gql [3721B] 
Connector "default": sources: connector/mutations.gql [3491B] connector/queries.gql [2787B] 
E0317 01:18:39.926649    1489 load.go:73] Could not load sources: 
Errors: connector/mutations.gql:9:51: Field "creatorId_expr" is not defined by type "StoryContent_Data". Did you mean "createdAt_expr" or "storyId_expr"?
connector/mutations.gql:52:31: Field "creatorId" is not defined by type "StoryContent_Filter". Did you mean "createdAt"?
connector/queries.gql:132:3: Unknown argument "where" on field "Query.analytics".
 {"metadata":{"emulator":{"name":"dataconnect"},"message":"W0317 01:18:39.877166    1489 control.go:74] [projects/emulator/locations/emulator/services/studio-v0 9623] connector \"default\" has errors: connector/mutations.gql:9:51: Field \"creatorId_expr\" is not defined by type \"StoryContent_Data\". Did you mean \"createdAt_expr\" or \"storyId_expr\"?\nconnector/mutations.gql:52:31: Field \"creatorId\" is not defined by type \"StoryContent_Filter\". Did you mean \"createdAt\"?\nconnector/queries.gql:132:3: Unknown argument \"where\" on field \"Query.analytics\".\n\nsources: connector/mutations.gql [3491B] connector/queries.gql [2787B] \nI0317 01:18:39.877377    1489 control.go:100] [projects/emulator/locations/emulator/services/studio-v0 9623] UpdateResources(): done\nMain schema: sources: schema/schema.gql [3721B] \nConnector \"default\": sources: connector/mutations.gql [3491B] connector/queries.gql [2787B] \nE0317 01:18:39.926649    1489 load.go:73] Could not load sources: \nErrors: connector/mutations.gql:9:51: Field \"creatorId_expr\" is not defined by type \"StoryContent_Data\". Did you mean \"createdAt_expr\" or \"storyId_expr\"?\nconnector/mutations.gql:52:31: Field \"creatorId\" is not defined by type \"StoryContent_Filter\". Did you mean \"createdAt\"?\nconnector/queries.gql:132:3: Unknown argument \"where\" on field \"Query.analytics\".\n"}}
[debug] [2026-03-17T01:18:39.977Z] I0317 01:18:39.954928    1489 collector.go:107] schema extensions wrote into "/home/user/studio/dataconnect/.dataconnect/schema"
Generated sources: prelude.gql [80731B] main/implicit.gql [3267B] main/input.gql [122168B] main/relation.gql [51784B] main/query.gql [15655B] main/mutation.gql [41655B] 
I0317 01:18:39.954986    1489 load.go:74] Finished reloading
 {"metadata":{"emulator":{"name":"dataconnect"},"message":"I0317 01:18:39.954928    1489 collector.go:107] schema extensions wrote into \"/home/user/studio/dataconnect/.dataconnect/schema\"\nGenerated sources: prelude.gql [80731B] main/implicit.gql [3267B] main/input.gql [122168B] main/relation.gql [51784B] main/query.gql [15655B] main/mutation.gql [41655B] \nI0317 01:18:39.954986    1489 load.go:74] Finished reloading\n"}}
[debug] [2026-03-17T01:22:19.437Z] I0317 01:22:19.435587    1489 load.go:31] Reloading schema and connectors...
 {"metadata":{"emulator":{"name":"dataconnect"},"message":"I0317 01:22:19.435587    1489 load.go:31] Reloading schema and connectors...\n"}}
[debug] [2026-03-17T01:22:19.562Z] W0317 01:22:19.560747    1489 control.go:74] [projects/emulator/locations/emulator/services/studio-v0 6018] connector "default" has errors: connector/queries.gql:134:25: Expected Name, found $

sources: connector/mutations.gql [3491B] connector/queries.gql [2924B] 
I0317 01:22:19.560830    1489 control.go:100] [projects/emulator/locations/emulator/services/studio-v0 6018] UpdateResources(): done
Main schema: sources: schema/schema.gql [3721B] 
Connector "default": sources: connector/mutations.gql [3491B] connector/queries.gql [2924B] 
 {"metadata":{"emulator":{"name":"dataconnect"},"message":"W0317 01:22:19.560747    1489 control.go:74] [projects/emulator/locations/emulator/services/studio-v0 6018] connector \"default\" has errors: connector/queries.gql:134:25: Expected Name, found $\n\nsources: connector/mutations.gql [3491B] connector/queries.gql [2924B] \nI0317 01:22:19.560830    1489 control.go:100] [projects/emulator/locations/emulator/services/studio-v0 6018] UpdateResources(): done\nMain schema: sources: schema/schema.gql [3721B] \nConnector \"default\": sources: connector/mutations.gql [3491B] connector/queries.gql [2924B] \n"}}
[debug] [2026-03-17T01:22:19.586Z] E0317 01:22:19.586059    1489 load.go:73] Could not load sources: 
Errors: connector/queries.gql:134:25: Expected Name, found $
 {"metadata":{"emulator":{"name":"dataconnect"},"message":"E0317 01:22:19.586059    1489 load.go:73] Could not load sources: \nErrors: connector/queries.gql:134:25: Expected Name, found $\n"}}
[debug] [2026-03-17T01:22:19.599Z] I0317 01:22:19.596493    1489 collector.go:107] schema extensions wrote into "/home/user/studio/dataconnect/.dataconnect/schema"
Generated sources: prelude.gql [80731B] main/query.gql [15655B] main/mutation.gql [41655B] main/implicit.gql [3267B] main/input.gql [122168B] main/relation.gql [51784B] 
I0317 01:22:19.596544    1489 load.go:74] Finished reloading
 {"metadata":{"emulator":{"name":"dataconnect"},"message":"I0317 01:22:19.596493    1489 collector.go:107] schema extensions wrote into \"/home/user/studio/dataconnect/.dataconnect/schema\"\nGenerated sources: prelude.gql [80731B] main/query.gql [15655B] main/mutation.gql [41655B] main/implicit.gql [3267B] main/input.gql [122168B] main/relation.gql [51784B] \nI0317 01:22:19.596544    1489 load.go:74] Finished reloading\n"}}
[debug] [2026-03-17T01:22:29.504Z] I0317 01:22:29.426152    1489 load.go:31] Reloading schema and connectors...
 {"metadata":{"emulator":{"name":"dataconnect"},"message":"I0317 01:22:29.426152    1489 load.go:31] Reloading schema and connectors...\n"}}
[debug] [2026-03-17T01:22:29.755Z] I0317 01:22:29.632304    1489 control.go:100] [projects/emulator/locations/emulator/services/studio-v0 abae] UpdateResources(): done
Main schema: sources: schema/schema.gql [3721B] 
Connector "default": sources: connector/mutations.gql [3404B] connector/queries.gql [2780B] 
 {"metadata":{"emulator":{"name":"dataconnect"},"message":"I0317 01:22:29.632304    1489 control.go:100] [projects/emulator/locations/emulator/services/studio-v0 abae] UpdateResources(): done\nMain schema: sources: schema/schema.gql [3721B] \nConnector \"default\": sources: connector/mutations.gql [3404B] connector/queries.gql [2780B] \n"}}
[debug] [2026-03-17T01:22:30.213Z] I0317 01:22:30.070133    1489 codegen.go:80] [connector "default" javascriptSdk] Generating sources into "/home/user/studio/dataconnect-generated/js/default-connector"
 {"metadata":{"emulator":{"name":"dataconnect"},"message":"I0317 01:22:30.070133    1489 codegen.go:80] [connector \"default\" javascriptSdk] Generating sources into \"/home/user/studio/dataconnect-generated/js/default-connector\"\n"}}
[debug] [2026-03-17T01:22:30.630Z] I0317 01:22:30.350194    1489 collector.go:107] schema extensions wrote into "/home/user/studio/dataconnect/.dataconnect/schema"
Generated sources: prelude.gql [80731B] main/implicit.gql [3267B] main/input.gql [122168B] main/relation.gql [51784B] main/query.gql [15655B] main/mutation.gql [41655B] 
I0317 01:22:30.366568    1489 collector.go:107] connector "default" javascriptSdk wrote into "/home/user/studio/dataconnect-generated/js/default-connector"
Generated sources: index.cjs.js [11768B] esm/index.esm.js [10120B] esm/package.json [17B] index.d.ts [23825B] package.json [871B] README.md [112455B] react/index.d.ts [11669B] react/esm/index.esm.js [8843B] .guides/config.json [236B] react/package.json [468B] react/esm/package.json [17B] react/index.cjs.js [9419B] react/README.md [117761B] .guides/usage.md [3999B] .guides/setup.md [1690B] 
I0317 01:22:30.431115    1489 installsdk.go:55] Package @firebasegen/default-connector is already installed. Skipping installation
I0317 01:22:30.431192    1489 load.go:109] Finished reloading
 {"metadata":{"emulator":{"name":"dataconnect"},"message":"I0317 01:22:30.350194    1489 collector.go:107] schema extensions wrote into \"/home/user/studio/dataconnect/.dataconnect/schema\"\nGenerated sources: prelude.gql [80731B] main/implicit.gql [3267B] main/input.gql [122168B] main/relation.gql [51784B] main/query.gql [15655B] main/mutation.gql [41655B] \nI0317 01:22:30.366568    1489 collector.go:107] connector \"default\" javascriptSdk wrote into \"/home/user/studio/dataconnect-generated/js/default-connector\"\nGenerated sources: index.cjs.js [11768B] esm/index.esm.js [10120B] esm/package.json [17B] index.d.ts [23825B] package.json [871B] README.md [112455B] react/index.d.ts [11669B] react/esm/index.esm.js [8843B] .guides/config.json [236B] react/package.json [468B] react/esm/package.json [17B] react/index.cjs.js [9419B] react/README.md [117761B] .guides/usage.md [3999B] .guides/setup.md [1690B] \nI0317 01:22:30.431115    1489 installsdk.go:55] Package @firebasegen/default-connector is already installed. Skipping installation\nI0317 01:22:30.431192    1489 load.go:109] Finished reloading\n"}}
